agency_cd,site_no,dateTime,X_62611_00000,X_62611_00000_cd,X_72019_00000,X_72019_00000_cd,tz_cd
USGS,341601116124801,2016-03-15T08:00:00Z,NA,NA,415.59,P,UTC
USGS,341601116124801,2016-03-15T09:00:00Z,NA,NA,415.6,P,UTC
USGS,341601116124801,2016-03-15T10:00:00Z,NA,NA,415.6,P,UTC
USGS,341601116124801,2016-03-15T11:00:00Z,NA,NA,415.6,P,UTC
USGS,341601116124801,2016-03-15T12:00:00Z,NA,NA,415.59,P,UTC
USGS,341601116124801,2016-03-15T13:00:00Z,NA,NA,415.6,P,UTC
USGS,341601116124801,2016-03-15T14:00:00Z,NA,NA,415.6,P,UTC
USGS,341601116124801,2016-03-15T15:00:00Z,NA,NA,415.59,P,UTC
USGS,341601116124801,2016-03-15T16:00:00Z,NA,NA,415.6,P,UTC
USGS,341601116124801,2016-03-15T17:00:00Z,NA,NA,415.6,P,UTC
USGS,341601116124801,2016-03-15T18:00:00Z,NA,NA,415.6,P,UTC
USGS,341601116124801,2016-03-15T19:00:00Z,NA,NA,415.6,P,UTC
USGS,341601116124801,2016-03-15T20:00:00Z,NA,NA,415.6,P,UTC
USGS,341601116124801,2016-03-15T21:00:00Z,NA,NA,415.6,P,UTC
USGS,341601116124801,2016-03-15T22:00:00Z,NA,NA,415.6,P,UTC
USGS,341601116124801,2016-03-15T23:00:00Z,NA,NA,415.61,P,UTC
USGS,341601116124801,2016-03-16T00:00:00Z,NA,NA,415.6,P,UTC
USGS,341601116124801,2016-03-16T01:00:00Z,NA,NA,415.6,P,UTC
USGS,341601116124801,2016-03-16T02:00:00Z,NA,NA,415.6,P,UTC
USGS,341601116124801,2016-03-16T03:00:00Z,NA,NA,415.6,P,UTC
USGS,341601116124801,2016-03-16T04:00:00Z,NA,NA,415.6,P,UTC
USGS,341601116124801,2016-03-16T05:00:00Z,NA,NA,415.61,P,UTC
USGS,341601116124801,2016-03-16T06:00:00Z,NA,NA,415.6,P,UTC
USGS,341601116124801,2016-03-16T07:00:00Z,NA,NA,415.6,P,UTC
USGS,341601116124801,2016-03-16T08:00:00Z,NA,NA,415.6,P,UTC
USGS,341601116124801,2016-03-16T09:00:00Z,NA,NA,415.6,P,UTC
USGS,341601116124801,2016-03-16T10:00:00Z,NA,NA,415.6,P,UTC
USGS,341601116124801,2016-03-16T11:00:00Z,NA,NA,415.6,P,UTC
USGS,341601116124801,2016-03-16T12:00:00Z,NA,NA,415.6,P,UTC
USGS,341601116124801,2016-03-16T13:00:00Z,NA,NA,415.6,P,UTC
USGS,341601116124801,2016-03-16T14:00:00Z,NA,NA,415.6,P,UTC
USGS,341601116124801,2016-03-16T15:00:00Z,NA,NA,415.6,P,UTC
USGS,341601116124801,2016-03-16T16:00:00Z,NA,NA,415.6,P,UTC
USGS,341601116124801,2016-03-16T17:00:00Z,NA,NA,415.6,P,UTC
USGS,341601116124801,2016-03-16T18:00:00Z,NA,NA,415.6,P,UTC
USGS,341601116124801,2016-03-16T19:00:00Z,NA,NA,415.6,P,UTC
USGS,341601116124801,2016-03-16T20:00:00Z,NA,NA,415.59,P,UTC
USGS,341601116124801,2016-03-16T21:00:00Z,NA,NA,415.6,P,UTC
USGS,341601116124801,2016-03-16T22:00:00Z,NA,NA,415.6,P,UTC
USGS,341601116124801,2016-03-16T23:00:00Z,NA,NA,415.6,P,UTC
USGS,341601116124801,2016-03-17T00:00:00Z,NA,NA,415.6,P,UTC
USGS,341601116124801,2016-03-17T01:00:00Z,NA,NA,415.6,P,UTC
USGS,341601116124801,2016-03-17T02:00:00Z,NA,NA,415.6,P,UTC
USGS,341601116124801,2016-03-17T03:00:00Z,NA,NA,415.59,P,UTC
USGS,341601116124801,2016-03-17T04:00:00Z,NA,NA,415.59,P,UTC
USGS,341601116124801,2016-03-17T05:00:00Z,NA,NA,415.6,P,UTC
USGS,341601116124801,2016-03-17T06:00:00Z,NA,NA,415.6,P,UTC
USGS,341601116124801,2016-03-17T07:00:00Z,NA,NA,415.6,P,UTC
USGS,341601116124801,2021-11-11T19:00:00Z,2034.17,P,416.27,P,UTC
USGS,341601116124801,2021-11-11T23:00:00Z,2034.19,P,416.25,P,UTC
USGS,341601116124801,2021-11-12T03:00:00Z,2034.19,P,416.25,P,UTC
USGS,341601116124801,2021-11-12T07:00:00Z,2034.19,P,416.25,P,UTC
USGS,341601116124801,2021-11-12T11:00:00Z,2034.2,P,416.24,P,UTC
USGS,341601116124801,2021-11-12T15:00:00Z,2034.2,P,416.24,P,UTC
USGS,341601116124801,2021-11-12T19:00:00Z,2034.2,P,416.24,P,UTC
USGS,341601116124801,2021-11-12T23:00:00Z,2034.2,P,416.24,P,UTC
USGS,341601116124801,2021-11-13T03:00:00Z,2034.2,P,416.24,P,UTC
USGS,341601116124801,2021-11-13T07:00:00Z,2034.2,P,416.24,P,UTC
USGS,341601116124801,2021-11-13T11:00:00Z,2034.21,P,416.23,P,UTC
USGS,341601116124801,2021-11-13T15:00:00Z,2034.21,P,416.23,P,UTC
USGS,341601116124801,2021-11-13T19:00:00Z,2034.2,P,416.24,P,UTC
USGS,341601116124801,2021-11-13T23:00:00Z,2034.19,P,416.25,P,UTC
USGS,341601116124801,2021-11-14T03:00:00Z,2034.19,P,416.25,P,UTC
USGS,341601116124801,2021-11-14T07:00:00Z,2034.19,P,416.25,P,UTC
USGS,341601116124801,2021-11-14T11:00:00Z,2034.19,P,416.25,P,UTC
USGS,341601116124801,2021-11-14T15:00:00Z,2034.19,P,416.25,P,UTC
USGS,341601116124801,2021-11-14T19:00:00Z,2034.19,P,416.25,P,UTC
USGS,341601116124801,2021-11-14T23:00:00Z,2034.2,P,416.24,P,UTC
USGS,341601116124801,2021-11-15T03:00:00Z,2034.19,P,416.25,P,UTC
USGS,341601116124801,2021-11-15T07:00:00Z,2034.2,P,416.24,P,UTC
USGS,341601116124801,2021-11-15T11:00:00Z,2034.2,P,416.24,P,UTC
USGS,341601116124801,2021-11-15T15:00:00Z,2034.2,P,416.24,P,UTC
USGS,341601116124801,2021-11-15T19:00:00Z,2034.2,P,416.24,P,UTC
USGS,341601116124801,2021-11-15T23:00:00Z,2034.2,P,416.24,P,UTC
USGS,341601116124801,2021-11-16T03:00:00Z,2034.19,P,416.25,P,UTC
USGS,341601116124801,2021-11-16T07:00:00Z,2034.2,P,416.24,P,UTC
USGS,341601116124801,2021-11-16T11:00:00Z,2034.19,P,416.25,P,UTC
USGS,341601116124801,2021-11-16T15:00:00Z,2034.2,P,416.24,P,UTC
USGS,341601116124801,2021-11-16T19:00:00Z,2034.2,P,416.24,P,UTC
USGS,341601116124801,2021-11-16T23:00:00Z,2034.2,P,416.24,P,UTC
USGS,341601116124801,2021-11-17T03:00:00Z,2034.2,P,416.24,P,UTC
USGS,341601116124801,2021-11-17T07:00:00Z,2034.19,P,416.25,P,UTC
USGS,341601116124801,2021-11-17T11:00:00Z,2034.2,P,416.24,P,UTC
USGS,341601116124801,2021-11-17T15:00:00Z,2034.2,P,416.24,P,UTC
USGS,341601116124801,2021-11-17T19:00:00Z,2034.2,P,416.24,P,UTC
USGS,341601116124801,2021-11-17T23:00:00Z,2034.19,P,416.25,P,UTC
USGS,341601116124801,2021-11-18T03:00:00Z,2034.19,P,416.25,P,UTC
USGS,341601116124801,2021-11-18T07:00:00Z,2034.19,P,416.25,P,UTC
USGS,341601116124801,2021-11-18T11:00:00Z,2034.19,P,416.25,P,UTC
USGS,341601116124801,2021-11-18T15:00:00Z,2034.19,P,416.25,P,UTC
USGS,341601116124801,2021-11-18T19:00:00Z,2034.19,P,416.25,P,UTC
USGS,341601116124801,2021-11-18T23:00:00Z,2034.18,P,416.26,P,UTC
USGS,341601116124801,2021-11-19T03:00:00Z,2034.19,P,416.25,P,UTC
USGS,341601116124801,2021-11-19T07:00:00Z,2034.18,P,416.26,P,UTC
USGS,341601116124801,2021-11-19T11:00:00Z,2034.18,P,416.26,P,UTC
USGS,341601116124801,2021-11-19T15:00:00Z,2034.19,P,416.25,P,UTC
USGS,341601116124801,2021-11-19T19:00:00Z,2034.18,P,416.26,P,UTC
USGS,341601116124801,2021-11-19T23:00:00Z,2034.19,P,416.25,P,UTC
USGS,341601116124801,2021-11-20T03:00:00Z,2034.2,P,416.24,P,UTC
USGS,341601116124801,2021-11-20T07:00:00Z,2034.19,P,416.25,P,UTC
USGS,341601116124801,2021-11-20T11:00:00Z,2034.19,P,416.25,P,UTC
USGS,341601116124801,2021-11-20T15:00:00Z,2034.2,P,416.24,P,UTC
USGS,341601116124801,2021-11-20T19:00:00Z,2034.2,P,416.24,P,UTC
USGS,341601116124801,2021-11-20T23:00:00Z,2034.2,P,416.24,P,UTC
USGS,341601116124801,2021-11-21T03:00:00Z,2034.19,P,416.25,P,UTC
USGS,341601116124801,2021-11-21T07:00:00Z,2034.2,P,416.24,P,UTC
USGS,341601116124801,2021-11-21T11:00:00Z,2034.19,P,416.25,P,UTC
USGS,341601116124801,2021-11-21T15:00:00Z,2034.2,P,416.24,P,UTC
USGS,341601116124801,2021-11-21T19:00:00Z,2034.19,P,416.25,P,UTC
USGS,341601116124801,2021-11-21T23:00:00Z,2034.19,P,416.25,P,UTC
USGS,341601116124801,2021-11-22T03:00:00Z,2034.19,P,416.25,P,UTC
USGS,341601116124801,2021-11-22T07:00:00Z,2034.2,P,416.24,P,UTC
USGS,341601116124801,2021-11-22T11:00:00Z,2034.19,P,416.25,P,UTC
USGS,341601116124801,2021-11-22T15:00:00Z,2034.19,P,416.25,P,UTC
USGS,341601116124801,2021-11-22T19:00:00Z,2034.2,P,416.24,P,UTC
USGS,341601116124801,2021-11-22T23:00:00Z,2034.19,P,416.25,P,UTC
USGS,341601116124801,2021-11-23T03:00:00Z,2034.19,P,416.25,P,UTC
USGS,341601116124801,2021-11-23T07:00:00Z,2034.19,P,416.25,P,UTC
USGS,341601116124801,2021-11-23T11:00:00Z,2034.19,P,416.25,P,UTC
USGS,341601116124801,2021-11-23T15:00:00Z,2034.19,P,416.25,P,UTC
USGS,341601116124801,2021-11-23T19:00:00Z,2034.19,P,416.25,P,UTC
USGS,341601116124801,2021-11-23T23:00:00Z,2034.2,P,416.24,P,UTC
USGS,341601116124801,2021-11-24T03:00:00Z,2034.2,P,416.24,P,UTC
USGS,341601116124801,2021-11-24T07:00:00Z,2034.2,P,416.24,P,UTC
USGS,341601116124801,2021-11-24T11:00:00Z,2034.2,P,416.24,P,UTC
USGS,341601116124801,2021-11-24T15:00:00Z,2034.21,P,416.23,P,UTC
USGS,341601116124801,2021-11-24T19:00:00Z,2034.21,P,416.23,P,UTC
USGS,341601116124801,2021-11-24T23:00:00Z,2034.21,P,416.23,P,UTC
USGS,341601116124801,2021-11-25T03:00:00Z,2034.21,P,416.23,P,UTC
USGS,341601116124801,2021-11-25T07:00:00Z,2034.21,P,416.23,P,UTC
USGS,341601116124801,2021-11-25T11:00:00Z,2034.22,P,416.22,P,UTC
USGS,341601116124801,2021-11-25T15:00:00Z,2034.22,P,416.22,P,UTC
USGS,341601116124801,2021-11-25T19:00:00Z,2034.21,P,416.23,P,UTC
USGS,341601116124801,2021-11-25T23:00:00Z,2034.21,P,416.23,P,UTC
USGS,341601116124801,2021-11-26T03:00:00Z,2034.21,P,416.23,P,UTC
USGS,341601116124801,2021-11-26T07:00:00Z,2034.21,P,416.23,P,UTC
USGS,341601116124801,2021-11-26T11:00:00Z,2034.2,P,416.24,P,UTC
USGS,341601116124801,2021-11-26T15:00:00Z,2034.2,P,416.24,P,UTC
USGS,341601116124801,2021-11-26T19:00:00Z,2034.2,P,416.24,P,UTC
USGS,341601116124801,2021-11-26T23:00:00Z,2034.2,P,416.24,P,UTC
USGS,341601116124801,2021-11-27T03:00:00Z,2034.2,P,416.24,P,UTC
USGS,341601116124801,2021-11-27T07:00:00Z,2034.2,P,416.24,P,UTC
USGS,341601116124801,2021-11-27T11:00:00Z,2034.21,P,416.23,P,UTC
USGS,341601116124801,2021-11-27T15:00:00Z,2034.21,P,416.23,P,UTC
USGS,341601116124801,2021-11-27T19:00:00Z,2034.21,P,416.23,P,UTC
USGS,341601116124801,2021-11-27T23:00:00Z,2034.21,P,416.23,P,UTC
USGS,341601116124801,2021-11-28T03:00:00Z,2034.21,P,416.23,P,UTC
USGS,341601116124801,2021-11-28T07:00:00Z,2034.22,P,416.22,P,UTC
USGS,341601116124801,2021-11-28T11:00:00Z,2034.22,P,416.22,P,UTC
USGS,341601116124801,2021-11-28T15:00:00Z,2034.21,P,416.23,P,UTC
USGS,341601116124801,2021-11-28T19:00:00Z,2034.22,P,416.22,P,UTC
USGS,341601116124801,2021-11-28T23:00:00Z,2034.21,P,416.23,P,UTC
USGS,341601116124801,2021-11-29T03:00:00Z,2034.21,P,416.23,P,UTC
USGS,341601116124801,2021-11-29T07:00:00Z,2034.22,P,416.22,P,UTC
USGS,341601116124801,2021-11-29T11:00:00Z,2034.21,P,416.23,P,UTC
USGS,341601116124801,2021-11-29T15:00:00Z,2034.22,P,416.22,P,UTC
USGS,341601116124801,2021-11-29T19:00:00Z,2034.22,P,416.22,P,UTC
USGS,341601116124801,2021-11-29T23:00:00Z,2034.22,P,416.22,P,UTC
USGS,341601116124801,2021-11-30T03:00:00Z,2034.22,P,416.22,P,UTC
USGS,341601116124801,2021-11-30T07:00:00Z,2034.22,P,416.22,P,UTC
USGS,341601116124801,2021-11-30T11:00:00Z,2034.22,P,416.22,P,UTC
USGS,341601116124801,2021-11-30T15:00:00Z,2034.22,P,416.22,P,UTC
USGS,341601116124801,2021-11-30T19:00:00Z,2034.21,P,416.23,P,UTC
USGS,341601116124801,2021-11-30T23:00:00Z,2034.22,P,416.22,P,UTC
USGS,341601116124801,2021-12-01T03:00:00Z,2034.22,P,416.22,P,UTC
USGS,341601116124801,2021-12-01T07:00:00Z,2034.22,P,416.22,P,UTC
USGS,341601116124801,2021-12-01T11:00:00Z,2034.22,P,416.22,P,UTC
USGS,341601116124801,2021-12-01T15:00:00Z,2034.22,P,416.22,P,UTC
USGS,341601116124801,2021-12-01T19:00:00Z,2034.21,P,416.23,P,UTC
USGS,341601116124801,2021-12-01T23:00:00Z,2034.22,P,416.22,P,UTC
USGS,341601116124801,2021-12-02T03:00:00Z,2034.21,P,416.23,P,UTC
USGS,341601116124801,2021-12-02T07:00:00Z,2034.22,P,416.22,P,UTC
USGS,341601116124801,2021-12-02T11:00:00Z,2034.23,P,416.21,P,UTC
USGS,341601116124801,2021-12-02T15:00:00Z,2034.23,P,416.21,P,UTC
USGS,341601116124801,2021-12-02T19:00:00Z,2034.22,P,416.22,P,UTC
USGS,341601116124801,2021-12-02T23:00:00Z,2034.23,P,416.21,P,UTC
USGS,341601116124801,2021-12-03T03:00:00Z,2034.22,P,416.22,P,UTC
USGS,341601116124801,2021-12-03T07:00:00Z,2034.22,P,416.22,P,UTC
USGS,341601116124801,2021-12-03T11:00:00Z,2034.23,P,416.21,P,UTC
USGS,341601116124801,2021-12-03T15:00:00Z,2034.23,P,416.21,P,UTC
USGS,341601116124801,2021-12-03T19:00:00Z,2034.22,P,416.22,P,UTC
USGS,341601116124801,2021-12-03T23:00:00Z,2034.22,P,416.22,P,UTC
USGS,341601116124801,2021-12-04T03:00:00Z,2034.23,P,416.21,P,UTC
USGS,341601116124801,2021-12-04T07:00:00Z,2034.22,P,416.22,P,UTC
USGS,341601116124801,2021-12-04T11:00:00Z,2034.22,P,416.22,P,UTC
USGS,341601116124801,2021-12-04T15:00:00Z,2034.22,P,416.22,P,UTC
USGS,341601116124801,2021-12-04T19:00:00Z,2034.22,P,416.22,P,UTC
USGS,341601116124801,2021-12-04T23:00:00Z,2034.22,P,416.22,P,UTC
USGS,341601116124801,2021-12-05T03:00:00Z,2034.22,P,416.22,P,UTC
USGS,341601116124801,2021-12-05T07:00:00Z,2034.22,P,416.22,P,UTC
USGS,341601116124801,2021-12-05T11:00:00Z,2034.22,P,416.22,P,UTC
USGS,341601116124801,2021-12-05T15:00:00Z,2034.21,P,416.23,P,UTC
USGS,341601116124801,2021-12-05T19:00:00Z,2034.22,P,416.22,P,UTC
USGS,341601116124801,2021-12-05T23:00:00Z,2034.22,P,416.22,P,UTC
USGS,341601116124801,2021-12-06T03:00:00Z,2034.22,P,416.22,P,UTC
USGS,341601116124801,2021-12-06T07:00:00Z,2034.22,P,416.22,P,UTC
USGS,341601116124801,2021-12-06T11:00:00Z,2034.22,P,416.22,P,UTC
USGS,341601116124801,2021-12-06T15:00:00Z,2034.23,P,416.21,P,UTC
USGS,341601116124801,2021-12-06T19:00:00Z,2034.23,P,416.21,P,UTC
USGS,341601116124801,2021-12-06T23:00:00Z,2034.23,P,416.21,P,UTC
USGS,341601116124801,2021-12-07T03:00:00Z,2034.23,P,416.21,P,UTC
USGS,341601116124801,2021-12-07T07:00:00Z,2034.23,P,416.21,P,UTC
USGS,341601116124801,2021-12-07T11:00:00Z,2034.23,P,416.21,P,UTC
USGS,341601116124801,2021-12-07T15:00:00Z,2034.23,P,416.21,P,UTC
USGS,341601116124801,2021-12-07T19:00:00Z,2034.23,P,416.21,P,UTC
USGS,341601116124801,2021-12-07T23:00:00Z,2034.23,P,416.21,P,UTC
USGS,341601116124801,2021-12-08T03:00:00Z,2034.23,P,416.21,P,UTC
USGS,341601116124801,2021-12-08T07:00:00Z,2034.22,P,416.22,P,UTC
USGS,341601116124801,2021-12-08T11:00:00Z,2034.23,P,416.21,P,UTC
USGS,341601116124801,2021-12-08T15:00:00Z,2034.23,P,416.21,P,UTC
USGS,341601116124801,2021-12-08T19:00:00Z,2034.23,P,416.21,P,UTC
USGS,341601116124801,2021-12-08T23:00:00Z,2034.23,P,416.21,P,UTC
USGS,341601116124801,2021-12-09T03:00:00Z,2034.23,P,416.21,P,UTC
USGS,341601116124801,2021-12-09T07:00:00Z,2034.23,P,416.21,P,UTC
USGS,341601116124801,2021-12-09T11:00:00Z,2034.22,P,416.22,P,UTC
USGS,341601116124801,2021-12-09T15:00:00Z,2034.23,P,416.21,P,UTC
USGS,341601116124801,2021-12-09T19:00:00Z,2034.22,P,416.22,P,UTC
USGS,341601116124801,2021-12-09T23:00:00Z,2034.23,P,416.21,P,UTC
USGS,341601116124801,2021-12-10T03:00:00Z,2034.22,P,416.22,P,UTC
USGS,341601116124801,2021-12-10T07:00:00Z,2034.23,P,416.21,P,UTC
USGS,341601116124801,2021-12-10T11:00:00Z,2034.23,P,416.21,P,UTC
USGS,341601116124801,2021-12-10T15:00:00Z,2034.23,P,416.21,P,UTC
USGS,341601116124801,2021-12-10T19:00:00Z,2034.22,P,416.22,P,UTC
USGS,341601116124801,2021-12-10T23:00:00Z,2034.22,P,416.22,P,UTC
USGS,341601116124801,2021-12-11T03:00:00Z,2034.23,P,416.21,P,UTC
USGS,341601116124801,2021-12-11T07:00:00Z,2034.22,P,416.22,P,UTC
USGS,341601116124801,2021-12-11T11:00:00Z,2034.22,P,416.22,P,UTC
USGS,341601116124801,2021-12-11T15:00:00Z,2034.23,P,416.21,P,UTC
USGS,341601116124801,2021-12-11T19:00:00Z,2034.22,P,416.22,P,UTC
USGS,341601116124801,2021-12-11T23:00:00Z,2034.23,P,416.21,P,UTC
USGS,341601116124801,2021-12-12T03:00:00Z,2034.23,P,416.21,P,UTC
USGS,341601116124801,2021-12-12T07:00:00Z,2034.23,P,416.21,P,UTC
USGS,341601116124801,2021-12-12T11:00:00Z,2034.23,P,416.21,P,UTC
USGS,341601116124801,2021-12-12T15:00:00Z,2034.23,P,416.21,P,UTC
USGS,341601116124801,2021-12-12T19:00:00Z,2034.24,P,416.2,P,UTC
USGS,341601116124801,2021-12-12T23:00:00Z,2034.24,P,416.2,P,UTC
USGS,341601116124801,2021-12-13T03:00:00Z,2034.22,P,416.22,P,UTC
USGS,341601116124801,2021-12-13T07:00:00Z,2034.22,P,416.22,P,UTC
USGS,341601116124801,2021-12-13T11:00:00Z,2034.23,P,416.21,P,UTC
USGS,341601116124801,2021-12-13T15:00:00Z,2034.23,P,416.21,P,UTC
USGS,341601116124801,2021-12-13T19:00:00Z,2034.22,P,416.22,P,UTC
USGS,341601116124801,2021-12-13T23:00:00Z,2034.22,P,416.22,P,UTC
USGS,341601116124801,2021-12-14T03:00:00Z,2034.22,P,416.22,P,UTC
USGS,341601116124801,2021-12-14T07:00:00Z,2034.22,P,416.22,P,UTC
USGS,341601116124801,2021-12-14T11:00:00Z,2034.22,P,416.22,P,UTC
USGS,341601116124801,2021-12-14T15:00:00Z,2034.22,P,416.22,P,UTC
USGS,341601116124801,2021-12-14T19:00:00Z,2034.22,P,416.22,P,UTC
USGS,341601116124801,2021-12-14T23:00:00Z,2034.22,P,416.22,P,UTC
USGS,341601116124801,2021-12-15T03:00:00Z,2034.23,P,416.21,P,UTC
USGS,341601116124801,2021-12-15T07:00:00Z,2034.23,P,416.21,P,UTC
USGS,341601116124801,2021-12-15T11:00:00Z,2034.22,P,416.22,P,UTC
USGS,341601116124801,2021-12-15T15:00:00Z,2034.23,P,416.21,P,UTC
USGS,341601116124801,2021-12-15T19:00:00Z,2034.23,P,416.21,P,UTC
USGS,341601116124801,2021-12-15T23:00:00Z,2034.23,P,416.21,P,UTC
USGS,341601116124801,2021-12-16T03:00:00Z,2034.23,P,416.21,P,UTC
USGS,341601116124801,2021-12-16T07:00:00Z,2034.23,P,416.21,P,UTC
USGS,341601116124801,2021-12-16T11:00:00Z,2034.22,P,416.22,P,UTC
USGS,341601116124801,2021-12-16T15:00:00Z,2034.23,P,416.21,P,UTC
USGS,341601116124801,2021-12-16T19:00:00Z,2034.23,P,416.21,P,UTC
USGS,341601116124801,2021-12-16T23:00:00Z,2034.22,P,416.22,P,UTC
USGS,341601116124801,2021-12-17T03:00:00Z,2034.23,P,416.21,P,UTC
USGS,341601116124801,2021-12-17T07:00:00Z,2034.22,P,416.22,P,UTC
USGS,341601116124801,2021-12-17T11:00:00Z,2034.22,P,416.22,P,UTC
USGS,341601116124801,2021-12-17T15:00:00Z,2034.22,P,416.22,P,UTC
USGS,341601116124801,2021-12-17T19:00:00Z,2034.23,P,416.21,P,UTC
USGS,341601116124801,2021-12-17T23:00:00Z,2034.22,P,416.22,P,UTC
USGS,341601116124801,2021-12-18T03:00:00Z,2034.22,P,416.22,P,UTC
USGS,341601116124801,2021-12-18T07:00:00Z,2034.22,P,416.22,P,UTC
USGS,341601116124801,2021-12-18T11:00:00Z,2034.22,P,416.22,P,UTC
USGS,341601116124801,2021-12-18T15:00:00Z,2034.22,P,416.22,P,UTC
USGS,341601116124801,2021-12-18T19:00:00Z,2034.22,P,416.22,P,UTC
USGS,341601116124801,2021-12-18T23:00:00Z,2034.22,P,416.22,P,UTC
USGS,341601116124801,2021-12-19T03:00:00Z,2034.22,P,416.22,P,UTC
USGS,341601116124801,2021-12-19T07:00:00Z,2034.22,P,416.22,P,UTC
USGS,341601116124801,2021-12-19T11:00:00Z,2034.21,P,416.23,P,UTC
USGS,341601116124801,2021-12-19T15:00:00Z,2034.21,P,416.23,P,UTC
USGS,341601116124801,2021-12-19T19:00:00Z,2034.22,P,416.22,P,UTC
USGS,341601116124801,2021-12-19T23:00:00Z,2034.22,P,416.22,P,UTC
USGS,341601116124801,2021-12-20T03:00:00Z,2034.22,P,416.22,P,UTC
USGS,341601116124801,2021-12-20T07:00:00Z,2034.22,P,416.22,P,UTC
USGS,341601116124801,2021-12-20T11:00:00Z,2034.22,P,416.22,P,UTC
USGS,341601116124801,2021-12-20T15:00:00Z,2034.22,P,416.22,P,UTC
USGS,341601116124801,2021-12-20T19:00:00Z,2034.22,P,416.22,P,UTC
USGS,341601116124801,2021-12-20T23:00:00Z,2034.22,P,416.22,P,UTC
USGS,341601116124801,2021-12-21T03:00:00Z,2034.21,P,416.23,P,UTC
USGS,341601116124801,2021-12-21T07:00:00Z,2034.22,P,416.22,P,UTC
USGS,341601116124801,2021-12-21T11:00:00Z,2034.2,P,416.24,P,UTC
USGS,341601116124801,2021-12-21T15:00:00Z,2034.21,P,416.23,P,UTC
USGS,341601116124801,2021-12-21T19:00:00Z,2034.21,P,416.23,P,UTC
USGS,341601116124801,2021-12-21T23:00:00Z,2034.21,P,416.23,P,UTC
USGS,341601116124801,2021-12-22T03:00:00Z,2034.22,P,416.22,P,UTC
USGS,341601116124801,2021-12-22T07:00:00Z,2034.21,P,416.23,P,UTC
USGS,341601116124801,2021-12-22T11:00:00Z,2034.21,P,416.23,P,UTC
USGS,341601116124801,2021-12-22T15:00:00Z,2034.21,P,416.23,P,UTC
USGS,341601116124801,2021-12-22T19:00:00Z,2034.21,P,416.23,P,UTC
USGS,341601116124801,2021-12-22T23:00:00Z,2034.21,P,416.23,P,UTC
USGS,341601116124801,2021-12-23T03:00:00Z,2034.21,P,416.23,P,UTC
USGS,341601116124801,2021-12-23T07:00:00Z,2034.21,P,416.23,P,UTC
USGS,341601116124801,2021-12-23T11:00:00Z,2034.21,P,416.23,P,UTC
USGS,341601116124801,2021-12-23T15:00:00Z,2034.21,P,416.23,P,UTC
USGS,341601116124801,2021-12-23T19:00:00Z,2034.21,P,416.23,P,UTC
USGS,341601116124801,2021-12-23T23:00:00Z,2034.22,P,416.22,P,UTC
USGS,341601116124801,2021-12-24T03:00:00Z,2034.21,P,416.23,P,UTC
USGS,341601116124801,2021-12-24T07:00:00Z,2034.23,P,416.21,P,UTC
USGS,341601116124801,2021-12-24T11:00:00Z,2034.21,P,416.23,P,UTC
USGS,341601116124801,2021-12-24T15:00:00Z,2034.22,P,416.22,P,UTC
USGS,341601116124801,2021-12-24T19:00:00Z,2034.22,P,416.22,P,UTC
USGS,341601116124801,2021-12-24T23:00:00Z,2034.22,P,416.22,P,UTC
USGS,341601116124801,2021-12-25T03:00:00Z,2034.21,P,416.23,P,UTC
USGS,341601116124801,2021-12-25T07:00:00Z,2034.22,P,416.22,P,UTC
USGS,341601116124801,2021-12-25T11:00:00Z,2034.22,P,416.22,P,UTC
USGS,341601116124801,2021-12-25T15:00:00Z,2034.21,P,416.23,P,UTC
USGS,341601116124801,2021-12-25T19:00:00Z,2034.21,P,416.23,P,UTC
USGS,341601116124801,2021-12-25T23:00:00Z,2034.21,P,416.23,P,UTC
USGS,341601116124801,2021-12-26T03:00:00Z,2034.21,P,416.23,P,UTC
USGS,341601116124801,2021-12-26T07:00:00Z,2034.21,P,416.23,P,UTC
USGS,341601116124801,2021-12-26T11:00:00Z,2034.21,P,416.23,P,UTC
USGS,341601116124801,2021-12-26T15:00:00Z,2034.21,P,416.23,P,UTC
USGS,341601116124801,2021-12-26T19:00:00Z,2034.21,P,416.23,P,UTC
USGS,341601116124801,2021-12-26T23:00:00Z,2034.21,P,416.23,P,UTC
USGS,341601116124801,2021-12-27T03:00:00Z,2034.21,P,416.23,P,UTC
USGS,341601116124801,2021-12-27T07:00:00Z,2034.21,P,416.23,P,UTC
USGS,341601116124801,2021-12-27T11:00:00Z,2034.21,P,416.23,P,UTC
USGS,341601116124801,2021-12-27T15:00:00Z,2034.22,P,416.22,P,UTC
USGS,341601116124801,2021-12-27T19:00:00Z,2034.21,P,416.23,P,UTC
USGS,341601116124801,2021-12-27T23:00:00Z,2034.21,P,416.23,P,UTC
USGS,341601116124801,2021-12-28T03:00:00Z,2034.21,P,416.23,P,UTC
USGS,341601116124801,2021-12-28T07:00:00Z,2034.21,P,416.23,P,UTC
USGS,341601116124801,2021-12-28T11:00:00Z,2034.21,P,416.23,P,UTC
USGS,341601116124801,2021-12-28T15:00:00Z,2034.21,P,416.23,P,UTC
USGS,341601116124801,2021-12-28T19:00:00Z,2034.21,P,416.23,P,UTC
USGS,341601116124801,2021-12-28T23:00:00Z,2034.21,P,416.23,P,UTC
USGS,341601116124801,2021-12-29T03:00:00Z,2034.21,P,416.23,P,UTC
USGS,341601116124801,2021-12-29T07:00:00Z,2034.21,P,416.23,P,UTC
USGS,341601116124801,2021-12-29T11:00:00Z,2034.21,P,416.23,P,UTC
USGS,341601116124801,2021-12-29T15:00:00Z,2034.21,P,416.23,P,UTC
USGS,341601116124801,2021-12-29T19:00:00Z,2034.2,P,416.24,P,UTC
USGS,341601116124801,2021-12-29T23:00:00Z,2034.2,P,416.24,P,UTC
USGS,341601116124801,2021-12-30T03:00:00Z,2034.2,P,416.24,P,UTC
USGS,341601116124801,2021-12-30T07:00:00Z,2034.2,P,416.24,P,UTC
USGS,341601116124801,2021-12-30T11:00:00Z,2034.19,P,416.25,P,UTC
USGS,341601116124801,2021-12-30T15:00:00Z,2034.2,P,416.24,P,UTC
USGS,341601116124801,2021-12-30T19:00:00Z,2034.2,P,416.24,P,UTC
USGS,341601116124801,2021-12-30T23:00:00Z,2034.2,P,416.24,P,UTC
USGS,341601116124801,2021-12-31T03:00:00Z,2034.2,P,416.24,P,UTC
USGS,341601116124801,2021-12-31T07:00:00Z,2034.2,P,416.24,P,UTC
USGS,341601116124801,2021-12-31T11:00:00Z,2034.2,P,416.24,P,UTC
USGS,341601116124801,2021-12-31T15:00:00Z,2034.2,P,416.24,P,UTC
USGS,341601116124801,2021-12-31T19:00:00Z,2034.2,P,416.24,P,UTC
USGS,341601116124801,2021-12-31T23:00:00Z,2034.2,P,416.24,P,UTC
USGS,341601116124801,2022-01-01T03:00:00Z,2034.2,P,416.24,P,UTC
USGS,341601116124801,2022-01-01T07:00:00Z,2034.2,P,416.24,P,UTC
USGS,341601116124801,2022-01-01T11:00:00Z,2034.2,P,416.24,P,UTC
USGS,341601116124801,2022-01-01T15:00:00Z,2034.2,P,416.24,P,UTC
USGS,341601116124801,2022-01-01T19:00:00Z,2034.2,P,416.24,P,UTC
USGS,341601116124801,2022-01-01T23:00:00Z,2034.2,P,416.24,P,UTC
USGS,341601116124801,2022-01-02T03:00:00Z,2034.2,P,416.24,P,UTC
USGS,341601116124801,2022-01-02T07:00:00Z,2034.2,P,416.24,P,UTC
USGS,341601116124801,2022-01-02T11:00:00Z,2034.2,P,416.24,P,UTC
USGS,341601116124801,2022-01-02T15:00:00Z,2034.19,P,416.25,P,UTC
USGS,341601116124801,2022-01-02T19:00:00Z,2034.19,P,416.25,P,UTC
USGS,341601116124801,2022-01-02T23:00:00Z,2034.2,P,416.24,P,UTC
USGS,341601116124801,2022-01-03T03:00:00Z,2034.19,P,416.25,P,UTC
USGS,341601116124801,2022-01-03T07:00:00Z,2034.2,P,416.24,P,UTC
USGS,341601116124801,2022-01-03T11:00:00Z,2034.19,P,416.25,P,UTC
USGS,341601116124801,2022-01-03T15:00:00Z,2034.19,P,416.25,P,UTC
USGS,341601116124801,2022-01-03T19:00:00Z,2034.2,P,416.24,P,UTC
USGS,341601116124801,2022-01-03T23:00:00Z,2034.19,P,416.25,P,UTC
USGS,341601116124801,2022-01-04T03:00:00Z,2034.18,P,416.26,P,UTC
USGS,341601116124801,2022-01-04T07:00:00Z,2034.19,P,416.25,P,UTC
USGS,341601116124801,2022-01-04T11:00:00Z,2034.19,P,416.25,P,UTC
USGS,341601116124801,2022-01-04T15:00:00Z,2034.19,P,416.25,P,UTC
USGS,341601116124801,2022-01-04T19:00:00Z,2034.19,P,416.25,P,UTC
USGS,341601116124801,2022-01-04T23:00:00Z,2034.19,P,416.25,P,UTC
USGS,341601116124801,2022-01-05T03:00:00Z,2034.19,P,416.25,P,UTC
USGS,341601116124801,2022-01-05T07:00:00Z,2034.19,P,416.25,P,UTC
USGS,341601116124801,2022-01-05T11:00:00Z,2034.19,P,416.25,P,UTC
USGS,341601116124801,2022-01-05T15:00:00Z,2034.19,P,416.25,P,UTC
USGS,341601116124801,2022-01-05T19:00:00Z,2034.19,P,416.25,P,UTC
USGS,341601116124801,2022-01-05T23:00:00Z,2034.19,P,416.25,P,UTC
USGS,341601116124801,2022-01-06T03:00:00Z,2034.19,P,416.25,P,UTC
USGS,341601116124801,2022-01-06T07:00:00Z,2034.19,P,416.25,P,UTC
USGS,341601116124801,2022-01-06T11:00:00Z,2034.19,P,416.25,P,UTC
USGS,341601116124801,2022-01-06T15:00:00Z,2034.19,P,416.25,P,UTC
USGS,341601116124801,2022-01-06T19:00:00Z,2034.19,P,416.25,P,UTC
USGS,341601116124801,2022-01-06T23:00:00Z,2034.19,P,416.25,P,UTC
USGS,341601116124801,2022-01-07T03:00:00Z,2034.17,P,416.27,P,UTC
USGS,341601116124801,2022-01-07T07:00:00Z,2034.17,P,416.27,P,UTC
USGS,341601116124801,2022-01-07T11:00:00Z,2034.18,P,416.26,P,UTC
USGS,341601116124801,2022-01-07T15:00:00Z,2034.18,P,416.26,P,UTC
USGS,341601116124801,2022-01-07T19:00:00Z,2034.18,P,416.26,P,UTC
USGS,341601116124801,2022-01-07T23:00:00Z,2034.18,P,416.26,P,UTC
USGS,341601116124801,2022-01-08T03:00:00Z,2034.17,P,416.27,P,UTC
USGS,341601116124801,2022-01-08T07:00:00Z,2034.18,P,416.26,P,UTC
USGS,341601116124801,2022-01-08T11:00:00Z,2034.18,P,416.26,P,UTC
USGS,341601116124801,2022-01-08T15:00:00Z,2034.18,P,416.26,P,UTC
USGS,341601116124801,2022-01-08T19:00:00Z,2034.17,P,416.27,P,UTC
USGS,341601116124801,2022-01-08T23:00:00Z,2034.17,P,416.27,P,UTC
USGS,341601116124801,2022-01-09T03:00:00Z,2034.17,P,416.27,P,UTC
USGS,341601116124801,2022-01-09T07:00:00Z,2034.17,P,416.27,P,UTC
USGS,341601116124801,2022-01-09T11:00:00Z,2034.17,P,416.27,P,UTC
USGS,341601116124801,2022-01-09T15:00:00Z,2034.17,P,416.27,P,UTC
USGS,341601116124801,2022-01-09T19:00:00Z,2034.17,P,416.27,P,UTC
USGS,341601116124801,2022-01-09T23:00:00Z,2034.17,P,416.27,P,UTC
USGS,341601116124801,2022-01-10T03:00:00Z,2034.17,P,416.27,P,UTC
USGS,341601116124801,2022-01-10T07:00:00Z,2034.17,P,416.27,P,UTC
USGS,341601116124801,2022-01-10T11:00:00Z,2034.17,P,416.27,P,UTC
USGS,341601116124801,2022-01-10T15:00:00Z,2034.17,P,416.27,P,UTC
USGS,341601116124801,2022-01-10T19:00:00Z,2034.17,P,416.27,P,UTC
USGS,341601116124801,2022-01-10T23:00:00Z,2034.18,P,416.26,P,UTC
USGS,341601116124801,2022-01-11T03:00:00Z,2034.18,P,416.26,P,UTC
USGS,341601116124801,2022-01-11T07:00:00Z,2034.17,P,416.27,P,UTC
USGS,341601116124801,2022-01-11T11:00:00Z,2034.17,P,416.27,P,UTC
USGS,341601116124801,2022-01-11T15:00:00Z,2034.17,P,416.27,P,UTC
USGS,341601116124801,2022-01-11T19:00:00Z,2034.18,P,416.26,P,UTC
USGS,341601116124801,2022-01-11T23:00:00Z,2034.18,P,416.26,P,UTC
USGS,341601116124801,2022-01-12T03:00:00Z,2034.17,P,416.27,P,UTC
USGS,341601116124801,2022-01-12T07:00:00Z,2034.18,P,416.26,P,UTC
USGS,341601116124801,2022-01-12T11:00:00Z,2034.18,P,416.26,P,UTC
USGS,341601116124801,2022-01-12T15:00:00Z,2034.18,P,416.26,P,UTC
USGS,341601116124801,2022-01-12T19:00:00Z,2034.18,P,416.26,P,UTC
USGS,341601116124801,2022-01-12T23:00:00Z,2034.18,P,416.26,P,UTC
USGS,341601116124801,2022-01-13T03:00:00Z,2034.18,P,416.26,P,UTC
USGS,341601116124801,2022-01-13T07:00:00Z,2034.17,P,416.27,P,UTC
USGS,341601116124801,2022-01-13T11:00:00Z,2034.18,P,416.26,P,UTC
USGS,341601116124801,2022-01-13T15:00:00Z,2034.18,P,416.26,P,UTC
USGS,341601116124801,2022-01-13T19:00:00Z,2034.17,P,416.27,P,UTC
USGS,341601116124801,2022-01-13T23:00:00Z,2034.18,P,416.26,P,UTC
USGS,341601116124801,2022-01-14T03:00:00Z,2034.18,P,416.26,P,UTC
USGS,341601116124801,2022-01-14T07:00:00Z,2034.17,P,416.27,P,UTC
USGS,341601116124801,2022-01-14T11:00:00Z,2034.17,P,416.27,P,UTC
USGS,341601116124801,2022-01-14T15:00:00Z,2034.18,P,416.26,P,UTC
USGS,341601116124801,2022-01-14T19:00:00Z,2034.18,P,416.26,P,UTC
USGS,341601116124801,2022-01-14T23:00:00Z,2034.18,P,416.26,P,UTC
USGS,341601116124801,2022-01-15T03:00:00Z,2034.18,P,416.26,P,UTC
USGS,341601116124801,2022-01-15T07:00:00Z,2034.18,P,416.26,P,UTC
USGS,341601116124801,2022-01-15T11:00:00Z,2034.17,P,416.27,P,UTC
USGS,341601116124801,2022-01-15T15:00:00Z,2034.16,P,416.28,P,UTC
USGS,341601116124801,2022-01-15T19:00:00Z,2034.17,P,416.27,P,UTC
USGS,341601116124801,2022-01-15T23:00:00Z,2034.16,P,416.28,P,UTC
USGS,341601116124801,2022-01-16T03:00:00Z,2034.17,P,416.27,P,UTC
USGS,341601116124801,2022-01-16T07:00:00Z,2034.17,P,416.27,P,UTC
USGS,341601116124801,2022-01-16T11:00:00Z,2034.17,P,416.27,P,UTC
USGS,341601116124801,2022-01-16T15:00:00Z,2034.17,P,416.27,P,UTC
USGS,341601116124801,2022-01-16T19:00:00Z,2034.17,P,416.27,P,UTC
USGS,341601116124801,2022-01-16T23:00:00Z,2034.17,P,416.27,P,UTC
USGS,341601116124801,2022-01-17T03:00:00Z,2034.17,P,416.27,P,UTC
USGS,341601116124801,2022-01-17T07:00:00Z,2034.17,P,416.27,P,UTC
USGS,341601116124801,2022-01-17T11:00:00Z,2034.17,P,416.27,P,UTC
USGS,341601116124801,2022-01-17T15:00:00Z,2034.16,P,416.28,P,UTC
USGS,341601116124801,2022-01-17T19:00:00Z,2034.16,P,416.28,P,UTC
USGS,341601116124801,2022-01-17T23:00:00Z,2034.16,P,416.28,P,UTC
USGS,341601116124801,2022-01-18T03:00:00Z,2034.16,P,416.28,P,UTC
USGS,341601116124801,2022-01-18T07:00:00Z,2034.16,P,416.28,P,UTC
USGS,341601116124801,2022-01-18T11:00:00Z,2034.16,P,416.28,P,UTC
USGS,341601116124801,2022-01-18T15:00:00Z,2034.16,P,416.28,P,UTC
USGS,341601116124801,2022-01-18T19:00:00Z,2034.16,P,416.28,P,UTC
USGS,341601116124801,2022-01-18T23:00:00Z,2034.15,P,416.29,P,UTC
USGS,341601116124801,2022-01-19T03:00:00Z,2034.16,P,416.28,P,UTC
USGS,341601116124801,2022-01-19T07:00:00Z,2034.16,P,416.28,P,UTC
USGS,341601116124801,2022-01-19T11:00:00Z,2034.16,P,416.28,P,UTC
USGS,341601116124801,2022-01-19T15:00:00Z,2034.15,P,416.29,P,UTC
USGS,341601116124801,2022-01-19T19:00:00Z,2034.15,P,416.29,P,UTC
USGS,341601116124801,2022-01-19T23:00:00Z,2034.15,P,416.29,P,UTC
USGS,341601116124801,2022-01-20T03:00:00Z,2034.15,P,416.29,P,UTC
USGS,341601116124801,2022-01-20T07:00:00Z,2034.15,P,416.29,P,UTC
USGS,341601116124801,2022-01-20T11:00:00Z,2034.15,P,416.29,P,UTC
USGS,341601116124801,2022-01-20T15:00:00Z,2034.15,P,416.29,P,UTC
USGS,341601116124801,2022-01-20T19:00:00Z,2034.15,P,416.29,P,UTC
USGS,341601116124801,2022-01-20T23:00:00Z,2034.16,P,416.28,P,UTC
USGS,341601116124801,2022-01-21T03:00:00Z,2034.16,P,416.28,P,UTC
USGS,341601116124801,2022-01-21T07:00:00Z,2034.16,P,416.28,P,UTC
USGS,341601116124801,2022-01-21T11:00:00Z,2034.16,P,416.28,P,UTC
USGS,341601116124801,2022-01-21T15:00:00Z,2034.16,P,416.28,P,UTC
USGS,341601116124801,2022-01-21T19:00:00Z,2034.16,P,416.28,P,UTC
USGS,341601116124801,2022-01-21T23:00:00Z,2034.16,P,416.28,P,UTC
USGS,341601116124801,2022-01-22T03:00:00Z,2034.16,P,416.28,P,UTC
USGS,341601116124801,2022-01-22T07:00:00Z,2034.15,P,416.29,P,UTC
USGS,341601116124801,2022-01-22T11:00:00Z,2034.16,P,416.28,P,UTC
USGS,341601116124801,2022-01-22T15:00:00Z,2034.15,P,416.29,P,UTC
USGS,341601116124801,2022-01-22T19:00:00Z,2034.16,P,416.28,P,UTC
USGS,341601116124801,2022-01-22T23:00:00Z,2034.15,P,416.29,P,UTC
USGS,341601116124801,2022-01-23T03:00:00Z,2034.15,P,416.29,P,UTC
USGS,341601116124801,2022-01-23T07:00:00Z,2034.16,P,416.28,P,UTC
USGS,341601116124801,2022-01-23T11:00:00Z,2034.15,P,416.29,P,UTC
USGS,341601116124801,2022-01-23T15:00:00Z,2034.14,P,416.3,P,UTC
USGS,341601116124801,2022-01-23T19:00:00Z,2034.14,P,416.3,P,UTC
USGS,341601116124801,2022-01-23T23:00:00Z,2034.14,P,416.3,P,UTC
USGS,341601116124801,2022-01-24T03:00:00Z,2034.15,P,416.29,P,UTC
USGS,341601116124801,2022-01-24T07:00:00Z,2034.14,P,416.3,P,UTC
USGS,341601116124801,2022-01-24T11:00:00Z,2034.15,P,416.29,P,UTC
USGS,341601116124801,2022-01-24T15:00:00Z,2034.14,P,416.3,P,UTC
USGS,341601116124801,2022-01-24T19:00:00Z,2034.14,P,416.3,P,UTC
USGS,341601116124801,2022-01-24T23:00:00Z,2034.14,P,416.3,P,UTC
USGS,341601116124801,2022-01-25T03:00:00Z,2034.14,P,416.3,P,UTC
USGS,341601116124801,2022-01-25T07:00:00Z,2034.14,P,416.3,P,UTC
USGS,341601116124801,2022-01-25T11:00:00Z,2034.14,P,416.3,P,UTC
USGS,341601116124801,2022-01-25T15:00:00Z,2034.14,P,416.3,P,UTC
USGS,341601116124801,2022-01-25T19:00:00Z,2034.14,P,416.3,P,UTC
USGS,341601116124801,2022-01-25T23:00:00Z,2034.14,P,416.3,P,UTC
USGS,341601116124801,2022-01-26T03:00:00Z,2034.14,P,416.3,P,UTC
USGS,341601116124801,2022-01-26T07:00:00Z,2034.14,P,416.3,P,UTC
USGS,341601116124801,2022-01-26T11:00:00Z,2034.14,P,416.3,P,UTC
USGS,341601116124801,2022-01-26T15:00:00Z,2034.14,P,416.3,P,UTC
USGS,341601116124801,2022-01-26T19:00:00Z,2034.14,P,416.3,P,UTC
USGS,341601116124801,2022-01-26T23:00:00Z,2034.14,P,416.3,P,UTC
USGS,341601116124801,2022-01-27T03:00:00Z,2034.14,P,416.3,P,UTC
USGS,341601116124801,2022-01-27T07:00:00Z,2034.14,P,416.3,P,UTC
USGS,341601116124801,2022-01-27T11:00:00Z,2034.14,P,416.3,P,UTC
USGS,341601116124801,2022-01-27T15:00:00Z,2034.15,P,416.29,P,UTC
USGS,341601116124801,2022-01-27T19:00:00Z,2034.14,P,416.3,P,UTC
USGS,341601116124801,2022-01-27T23:00:00Z,2034.13,P,416.31,P,UTC
USGS,341601116124801,2022-01-28T03:00:00Z,2034.14,P,416.3,P,UTC
USGS,341601116124801,2022-01-28T07:00:00Z,2034.14,P,416.3,P,UTC
USGS,341601116124801,2022-01-28T11:00:00Z,2034.14,P,416.3,P,UTC
USGS,341601116124801,2022-01-28T15:00:00Z,2034.14,P,416.3,P,UTC
USGS,341601116124801,2022-01-28T19:00:00Z,2034.13,P,416.31,P,UTC
USGS,341601116124801,2022-01-28T23:00:00Z,2034.14,P,416.3,P,UTC
USGS,341601116124801,2022-01-29T03:00:00Z,2034.13,P,416.31,P,UTC
USGS,341601116124801,2022-01-29T07:00:00Z,2034.13,P,416.31,P,UTC
USGS,341601116124801,2022-01-29T11:00:00Z,2034.12,P,416.32,P,UTC
USGS,341601116124801,2022-01-29T15:00:00Z,2034.14,P,416.3,P,UTC
USGS,341601116124801,2022-01-29T19:00:00Z,2034.13,P,416.31,P,UTC
USGS,341601116124801,2022-01-29T23:00:00Z,2034.14,P,416.3,P,UTC
USGS,341601116124801,2022-01-30T03:00:00Z,2034.13,P,416.31,P,UTC
USGS,341601116124801,2022-01-30T07:00:00Z,2034.14,P,416.3,P,UTC
USGS,341601116124801,2022-01-30T11:00:00Z,2034.13,P,416.31,P,UTC
USGS,341601116124801,2022-01-30T15:00:00Z,2034.13,P,416.31,P,UTC
USGS,341601116124801,2022-01-30T19:00:00Z,2034.13,P,416.31,P,UTC
USGS,341601116124801,2022-01-30T23:00:00Z,2034.13,P,416.31,P,UTC
USGS,341601116124801,2022-01-31T03:00:00Z,2034.13,P,416.31,P,UTC
USGS,341601116124801,2022-01-31T07:00:00Z,2034.13,P,416.31,P,UTC
USGS,341601116124801,2022-01-31T11:00:00Z,2034.13,P,416.31,P,UTC
USGS,341601116124801,2022-01-31T15:00:00Z,2034.13,P,416.31,P,UTC
USGS,341601116124801,2022-01-31T19:00:00Z,2034.13,P,416.31,P,UTC
USGS,341601116124801,2022-01-31T23:00:00Z,2034.12,P,416.32,P,UTC
USGS,341601116124801,2022-02-01T03:00:00Z,2034.12,P,416.32,P,UTC
USGS,341601116124801,2022-02-01T07:00:00Z,2034.12,P,416.32,P,UTC
USGS,341601116124801,2022-02-01T11:00:00Z,2034.12,P,416.32,P,UTC
USGS,341601116124801,2022-02-01T15:00:00Z,2034.12,P,416.32,P,UTC
USGS,341601116124801,2022-02-01T19:00:00Z,2034.12,P,416.32,P,UTC
USGS,341601116124801,2022-02-01T23:00:00Z,2034.12,P,416.32,P,UTC
USGS,341601116124801,2022-02-02T03:00:00Z,2034.13,P,416.31,P,UTC
USGS,341601116124801,2022-02-02T07:00:00Z,2034.12,P,416.32,P,UTC
USGS,341601116124801,2022-02-02T11:00:00Z,2034.12,P,416.32,P,UTC
USGS,341601116124801,2022-02-02T15:00:00Z,2034.12,P,416.32,P,UTC
USGS,341601116124801,2022-02-02T19:00:00Z,2034.13,P,416.31,P,UTC
USGS,341601116124801,2022-02-02T23:00:00Z,2034.13,P,416.31,P,UTC
USGS,341601116124801,2022-02-03T03:00:00Z,2034.13,P,416.31,P,UTC
USGS,341601116124801,2022-02-03T07:00:00Z,2034.12,P,416.32,P,UTC
USGS,341601116124801,2022-02-03T11:00:00Z,2034.13,P,416.31,P,UTC
USGS,341601116124801,2022-02-03T15:00:00Z,2034.12,P,416.32,P,UTC
USGS,341601116124801,2022-02-03T19:00:00Z,2034.13,P,416.31,P,UTC
USGS,341601116124801,2022-02-03T23:00:00Z,2034.12,P,416.32,P,UTC
USGS,341601116124801,2022-02-04T03:00:00Z,2034.12,P,416.32,P,UTC
USGS,341601116124801,2022-02-04T07:00:00Z,2034.12,P,416.32,P,UTC
USGS,341601116124801,2022-02-04T11:00:00Z,2034.13,P,416.31,P,UTC
USGS,341601116124801,2022-02-04T15:00:00Z,2034.13,P,416.31,P,UTC
USGS,341601116124801,2022-02-04T19:00:00Z,2034.12,P,416.32,P,UTC
USGS,341601116124801,2022-02-04T23:00:00Z,2034.12,P,416.32,P,UTC
USGS,341601116124801,2022-02-05T03:00:00Z,2034.11,P,416.33,P,UTC
USGS,341601116124801,2022-02-05T07:00:00Z,2034.11,P,416.33,P,UTC
USGS,341601116124801,2022-02-05T11:00:00Z,2034.11,P,416.33,P,UTC
USGS,341601116124801,2022-02-05T15:00:00Z,2034.11,P,416.33,P,UTC
USGS,341601116124801,2022-02-05T19:00:00Z,2034.11,P,416.33,P,UTC
USGS,341601116124801,2022-02-05T23:00:00Z,2034.1,P,416.34,P,UTC
USGS,341601116124801,2022-02-06T03:00:00Z,2034.11,P,416.33,P,UTC
USGS,341601116124801,2022-02-06T07:00:00Z,2034.11,P,416.33,P,UTC
USGS,341601116124801,2022-02-06T11:00:00Z,2034.11,P,416.33,P,UTC
USGS,341601116124801,2022-02-06T15:00:00Z,2034.11,P,416.33,P,UTC
USGS,341601116124801,2022-02-06T19:00:00Z,2034.11,P,416.33,P,UTC
USGS,341601116124801,2022-02-06T23:00:00Z,2034.11,P,416.33,P,UTC
USGS,341601116124801,2022-02-07T03:00:00Z,2034.11,P,416.33,P,UTC
USGS,341601116124801,2022-02-07T07:00:00Z,2034.11,P,416.33,P,UTC
USGS,341601116124801,2022-02-07T11:00:00Z,2034.11,P,416.33,P,UTC
USGS,341601116124801,2022-02-07T15:00:00Z,2034.11,P,416.33,P,UTC
USGS,341601116124801,2022-02-07T19:00:00Z,2034.11,P,416.33,P,UTC
USGS,341601116124801,2022-02-07T23:00:00Z,2034.11,P,416.33,P,UTC
USGS,341601116124801,2022-02-08T03:00:00Z,2034.11,P,416.33,P,UTC
USGS,341601116124801,2022-02-08T07:00:00Z,2034.11,P,416.33,P,UTC
USGS,341601116124801,2022-02-08T11:00:00Z,2034.1,P,416.34,P,UTC
USGS,341601116124801,2022-02-08T15:00:00Z,2034.11,P,416.33,P,UTC
USGS,341601116124801,2022-02-08T19:00:00Z,2034.11,P,416.33,P,UTC
USGS,341601116124801,2022-02-08T23:00:00Z,2034.1,P,416.34,P,UTC
USGS,341601116124801,2022-02-09T03:00:00Z,2034.11,P,416.33,P,UTC
USGS,341601116124801,2022-02-09T07:00:00Z,2034.1,P,416.34,P,UTC
USGS,341601116124801,2022-02-09T11:00:00Z,2034.1,P,416.34,P,UTC
USGS,341601116124801,2022-02-09T15:00:00Z,2034.1,P,416.34,P,UTC
USGS,341601116124801,2022-02-09T19:00:00Z,2034.09,P,416.35,P,UTC
USGS,341601116124801,2022-02-09T23:00:00Z,2034.09,P,416.35,P,UTC
USGS,341601116124801,2022-02-10T03:00:00Z,2034.1,P,416.34,P,UTC
USGS,341601116124801,2022-02-10T07:00:00Z,2034.1,P,416.34,P,UTC
USGS,341601116124801,2022-02-10T11:00:00Z,2034.1,P,416.34,P,UTC
USGS,341601116124801,2022-02-10T15:00:00Z,2034.1,P,416.34,P,UTC
USGS,341601116124801,2022-02-10T19:00:00Z,2034.1,P,416.34,P,UTC
USGS,341601116124801,2022-02-10T23:00:00Z,2034.09,P,416.35,P,UTC
USGS,341601116124801,2022-02-11T03:00:00Z,2034.09,P,416.35,P,UTC
USGS,341601116124801,2022-02-11T07:00:00Z,2034.09,P,416.35,P,UTC
USGS,341601116124801,2022-02-11T11:00:00Z,2034.09,P,416.35,P,UTC
USGS,341601116124801,2022-02-11T15:00:00Z,2034.09,P,416.35,P,UTC
USGS,341601116124801,2022-02-11T19:00:00Z,2034.1,P,416.34,P,UTC
USGS,341601116124801,2022-02-11T23:00:00Z,2034.09,P,416.35,P,UTC
USGS,341601116124801,2022-02-12T03:00:00Z,2034.09,P,416.35,P,UTC
USGS,341601116124801,2022-02-12T07:00:00Z,2034.09,P,416.35,P,UTC
USGS,341601116124801,2022-02-12T11:00:00Z,2034.09,P,416.35,P,UTC
USGS,341601116124801,2022-02-12T15:00:00Z,2034.1,P,416.34,P,UTC
USGS,341601116124801,2022-02-12T19:00:00Z,2034.1,P,416.34,P,UTC
USGS,341601116124801,2022-02-12T23:00:00Z,2034.1,P,416.34,P,UTC
USGS,341601116124801,2022-02-13T03:00:00Z,2034.1,P,416.34,P,UTC
USGS,341601116124801,2022-02-13T07:00:00Z,2034.1,P,416.34,P,UTC
USGS,341601116124801,2022-02-13T11:00:00Z,2034.09,P,416.35,P,UTC
USGS,341601116124801,2022-02-13T15:00:00Z,2034.09,P,416.35,P,UTC
USGS,341601116124801,2022-02-13T19:00:00Z,2034.09,P,416.35,P,UTC
USGS,341601116124801,2022-02-13T23:00:00Z,2034.08,P,416.36,P,UTC
USGS,341601116124801,2022-02-14T03:00:00Z,2034.08,P,416.36,P,UTC
USGS,341601116124801,2022-02-14T07:00:00Z,2034.08,P,416.36,P,UTC
USGS,341601116124801,2022-02-14T11:00:00Z,2034.08,P,416.36,P,UTC
USGS,341601116124801,2022-02-14T15:00:00Z,2034.09,P,416.35,P,UTC
USGS,341601116124801,2022-02-14T19:00:00Z,2034.09,P,416.35,P,UTC
USGS,341601116124801,2022-02-14T23:00:00Z,2034.09,P,416.35,P,UTC
USGS,341601116124801,2022-02-15T03:00:00Z,2034.09,P,416.35,P,UTC
USGS,341601116124801,2022-02-15T07:00:00Z,2034.08,P,416.36,P,UTC
USGS,341601116124801,2022-02-15T11:00:00Z,2034.09,P,416.35,P,UTC
USGS,341601116124801,2022-02-15T15:00:00Z,2034.09,P,416.35,P,UTC
USGS,341601116124801,2022-02-15T19:00:00Z,2034.08,P,416.36,P,UTC
USGS,341601116124801,2022-02-15T23:00:00Z,2034.09,P,416.35,P,UTC
USGS,341601116124801,2022-02-16T03:00:00Z,2034.09,P,416.35,P,UTC
USGS,341601116124801,2022-02-16T07:00:00Z,2034.09,P,416.35,P,UTC
USGS,341601116124801,2022-02-16T11:00:00Z,2034.09,P,416.35,P,UTC
USGS,341601116124801,2022-02-16T15:00:00Z,2034.09,P,416.35,P,UTC
USGS,341601116124801,2022-02-16T19:00:00Z,2034.09,P,416.35,P,UTC
USGS,341601116124801,2022-02-16T23:00:00Z,2034.09,P,416.35,P,UTC
USGS,341601116124801,2022-02-17T03:00:00Z,2034.09,P,416.35,P,UTC
USGS,341601116124801,2022-02-17T07:00:00Z,2034.08,P,416.36,P,UTC
USGS,341601116124801,2022-02-17T11:00:00Z,2034.08,P,416.36,P,UTC
USGS,341601116124801,2022-02-17T15:00:00Z,2034.07,P,416.37,P,UTC
USGS,341601116124801,2022-02-17T19:00:00Z,2034.07,P,416.37,P,UTC
USGS,341601116124801,2022-02-17T23:00:00Z,2034.07,P,416.37,P,UTC
USGS,341601116124801,2022-02-18T03:00:00Z,2034.07,P,416.37,P,UTC
USGS,341601116124801,2022-02-18T07:00:00Z,2034.07,P,416.37,P,UTC
USGS,341601116124801,2022-02-18T11:00:00Z,2034.07,P,416.37,P,UTC
USGS,341601116124801,2022-02-18T15:00:00Z,2034.07,P,416.37,P,UTC
USGS,341601116124801,2022-02-18T19:00:00Z,2034.07,P,416.37,P,UTC
USGS,341601116124801,2022-02-18T23:00:00Z,2034.07,P,416.37,P,UTC
USGS,341601116124801,2022-02-19T03:00:00Z,2034.07,P,416.37,P,UTC
USGS,341601116124801,2022-02-19T07:00:00Z,2034.07,P,416.37,P,UTC
USGS,341601116124801,2022-02-19T11:00:00Z,2034.07,P,416.37,P,UTC
USGS,341601116124801,2022-02-19T15:00:00Z,2034.07,P,416.37,P,UTC
USGS,341601116124801,2022-02-19T19:00:00Z,2034.07,P,416.37,P,UTC
USGS,341601116124801,2022-02-19T23:00:00Z,2034.06,P,416.38,P,UTC
USGS,341601116124801,2022-02-20T03:00:00Z,2034.07,P,416.37,P,UTC
USGS,341601116124801,2022-02-20T07:00:00Z,2034.07,P,416.37,P,UTC
USGS,341601116124801,2022-02-20T11:00:00Z,2034.07,P,416.37,P,UTC
USGS,341601116124801,2022-02-20T15:00:00Z,2034.07,P,416.37,P,UTC
USGS,341601116124801,2022-02-20T19:00:00Z,2034.07,P,416.37,P,UTC
USGS,341601116124801,2022-02-20T23:00:00Z,2034.07,P,416.37,P,UTC
USGS,341601116124801,2022-02-21T03:00:00Z,2034.07,P,416.37,P,UTC
USGS,341601116124801,2022-02-21T07:00:00Z,2034.06,P,416.38,P,UTC
USGS,341601116124801,2022-02-21T11:00:00Z,2034.07,P,416.37,P,UTC
USGS,341601116124801,2022-02-21T15:00:00Z,2034.07,P,416.37,P,UTC
USGS,341601116124801,2022-02-21T19:00:00Z,2034.05,P,416.39,P,UTC
USGS,341601116124801,2022-02-21T23:00:00Z,2034.05,P,416.39,P,UTC
USGS,341601116124801,2022-02-22T03:00:00Z,2034.06,P,416.38,P,UTC
USGS,341601116124801,2022-02-22T07:00:00Z,2034.06,P,416.38,P,UTC
USGS,341601116124801,2022-02-22T11:00:00Z,2034.06,P,416.38,P,UTC
USGS,341601116124801,2022-02-22T15:00:00Z,2034.05,P,416.39,P,UTC
USGS,341601116124801,2022-02-22T19:00:00Z,2034.06,P,416.38,P,UTC
USGS,341601116124801,2022-02-22T23:00:00Z,2034.06,P,416.38,P,UTC
USGS,341601116124801,2022-02-23T03:00:00Z,2034.05,P,416.39,P,UTC
USGS,341601116124801,2022-02-23T07:00:00Z,2034.06,P,416.38,P,UTC
USGS,341601116124801,2022-02-23T11:00:00Z,2034.06,P,416.38,P,UTC
USGS,341601116124801,2022-02-23T15:00:00Z,2034.06,P,416.38,P,UTC
USGS,341601116124801,2022-02-23T19:00:00Z,2034.05,P,416.39,P,UTC
USGS,341601116124801,2022-02-23T23:00:00Z,2034.06,P,416.38,P,UTC
USGS,341601116124801,2022-02-24T03:00:00Z,2034.05,P,416.39,P,UTC
USGS,341601116124801,2022-02-24T07:00:00Z,2034.05,P,416.39,P,UTC
USGS,341601116124801,2022-02-24T11:00:00Z,2034.05,P,416.39,P,UTC
USGS,341601116124801,2022-02-24T15:00:00Z,2034.05,P,416.39,P,UTC
USGS,341601116124801,2022-02-24T19:00:00Z,2034.05,P,416.39,P,UTC
USGS,341601116124801,2022-02-24T23:00:00Z,2034.05,P,416.39,P,UTC
USGS,341601116124801,2022-02-25T03:00:00Z,2034.05,P,416.39,P,UTC
USGS,341601116124801,2022-02-25T07:00:00Z,2034.05,P,416.39,P,UTC
USGS,341601116124801,2022-02-25T11:00:00Z,2034.06,P,416.38,P,UTC
USGS,341601116124801,2022-02-25T15:00:00Z,2034.05,P,416.39,P,UTC
USGS,341601116124801,2022-02-25T19:00:00Z,2034.05,P,416.39,P,UTC
USGS,341601116124801,2022-02-25T23:00:00Z,2034.04,P,416.4,P,UTC
USGS,341601116124801,2022-02-26T03:00:00Z,2034.04,P,416.4,P,UTC
USGS,341601116124801,2022-02-26T07:00:00Z,2034.04,P,416.4,P,UTC
USGS,341601116124801,2022-02-26T11:00:00Z,2034.04,P,416.4,P,UTC
USGS,341601116124801,2022-02-26T15:00:00Z,2034.04,P,416.4,P,UTC
USGS,341601116124801,2022-02-26T19:00:00Z,2034.04,P,416.4,P,UTC
USGS,341601116124801,2022-02-26T23:00:00Z,2034.03,P,416.41,P,UTC
USGS,341601116124801,2022-02-27T03:00:00Z,2034.04,P,416.4,P,UTC
USGS,341601116124801,2022-02-27T07:00:00Z,2034.04,P,416.4,P,UTC
USGS,341601116124801,2022-02-27T11:00:00Z,2034.04,P,416.4,P,UTC
USGS,341601116124801,2022-02-27T15:00:00Z,2034.05,P,416.39,P,UTC
USGS,341601116124801,2022-02-27T19:00:00Z,2034.04,P,416.4,P,UTC
USGS,341601116124801,2022-02-27T23:00:00Z,2034.05,P,416.39,P,UTC
USGS,341601116124801,2022-02-28T03:00:00Z,2034.05,P,416.39,P,UTC
USGS,341601116124801,2022-02-28T07:00:00Z,2034.05,P,416.39,P,UTC
USGS,341601116124801,2022-02-28T11:00:00Z,2034.05,P,416.39,P,UTC
USGS,341601116124801,2022-02-28T15:00:00Z,2034.04,P,416.4,P,UTC
USGS,341601116124801,2022-02-28T19:00:00Z,2034.04,P,416.4,P,UTC
USGS,341601116124801,2022-02-28T23:00:00Z,2034.04,P,416.4,P,UTC
USGS,341601116124801,2022-03-01T03:00:00Z,2034.04,P,416.4,P,UTC
USGS,341601116124801,2022-03-01T07:00:00Z,2034.05,P,416.39,P,UTC
USGS,341601116124801,2022-03-01T11:00:00Z,2034.04,P,416.4,P,UTC
USGS,341601116124801,2022-03-01T15:00:00Z,2034.05,P,416.39,P,UTC
USGS,341601116124801,2022-03-01T19:00:00Z,2034.04,P,416.4,P,UTC
USGS,341601116124801,2022-03-01T23:00:00Z,2034.05,P,416.39,P,UTC
USGS,341601116124801,2022-03-02T03:00:00Z,2034.03,P,416.41,P,UTC
USGS,341601116124801,2022-03-02T07:00:00Z,2034.03,P,416.41,P,UTC
USGS,341601116124801,2022-03-02T11:00:00Z,2034.03,P,416.41,P,UTC
USGS,341601116124801,2022-03-02T15:00:00Z,2034.04,P,416.4,P,UTC
USGS,341601116124801,2022-03-02T19:00:00Z,2034.03,P,416.41,P,UTC
USGS,341601116124801,2022-03-02T23:00:00Z,2034.03,P,416.41,P,UTC
USGS,341601116124801,2022-03-03T03:00:00Z,2034.03,P,416.41,P,UTC
USGS,341601116124801,2022-03-03T07:00:00Z,2034.03,P,416.41,P,UTC
USGS,341601116124801,2022-03-03T11:00:00Z,2034.03,P,416.41,P,UTC
USGS,341601116124801,2022-03-03T15:00:00Z,2034.04,P,416.4,P,UTC
USGS,341601116124801,2022-03-03T19:00:00Z,2034.03,P,416.41,P,UTC
USGS,341601116124801,2022-03-03T23:00:00Z,2034.04,P,416.4,P,UTC
USGS,341601116124801,2022-03-04T03:00:00Z,2034.03,P,416.41,P,UTC
USGS,341601116124801,2022-03-04T07:00:00Z,2034.03,P,416.41,P,UTC
USGS,341601116124801,2022-03-04T11:00:00Z,2034.03,P,416.41,P,UTC
USGS,341601116124801,2022-03-04T15:00:00Z,2034.03,P,416.41,P,UTC
USGS,341601116124801,2022-03-04T19:00:00Z,2034.03,P,416.41,P,UTC
USGS,341601116124801,2022-03-04T23:00:00Z,2034.03,P,416.41,P,UTC
USGS,341601116124801,2022-03-05T03:00:00Z,2034.03,P,416.41,P,UTC
USGS,341601116124801,2022-03-05T07:00:00Z,2034.03,P,416.41,P,UTC
USGS,341601116124801,2022-03-05T11:00:00Z,2034.03,P,416.41,P,UTC
USGS,341601116124801,2022-03-05T15:00:00Z,2034.02,P,416.42,P,UTC
USGS,341601116124801,2022-03-05T19:00:00Z,2034.02,P,416.42,P,UTC
USGS,341601116124801,2022-03-05T23:00:00Z,2034.03,P,416.41,P,UTC
USGS,341601116124801,2022-03-06T03:00:00Z,2034.03,P,416.41,P,UTC
USGS,341601116124801,2022-03-06T07:00:00Z,2034.02,P,416.42,P,UTC
USGS,341601116124801,2022-03-06T11:00:00Z,2034.02,P,416.42,P,UTC
USGS,341601116124801,2022-03-06T15:00:00Z,2034.02,P,416.42,P,UTC
USGS,341601116124801,2022-03-06T19:00:00Z,2034.02,P,416.42,P,UTC
USGS,341601116124801,2022-03-06T23:00:00Z,2034.02,P,416.42,P,UTC
USGS,341601116124801,2022-03-07T03:00:00Z,2034.02,P,416.42,P,UTC
USGS,341601116124801,2022-03-07T07:00:00Z,2034.01,P,416.43,P,UTC
USGS,341601116124801,2022-03-07T11:00:00Z,2034.02,P,416.42,P,UTC
USGS,341601116124801,2022-03-07T15:00:00Z,2034.02,P,416.42,P,UTC
USGS,341601116124801,2022-03-07T19:00:00Z,2034.02,P,416.42,P,UTC
USGS,341601116124801,2022-03-07T23:00:00Z,2034.02,P,416.42,P,UTC
USGS,341601116124801,2022-03-08T03:00:00Z,2034.01,P,416.43,P,UTC
USGS,341601116124801,2022-03-08T07:00:00Z,2034.02,P,416.42,P,UTC
USGS,341601116124801,2022-03-08T11:00:00Z,2034.01,P,416.43,P,UTC
USGS,341601116124801,2022-03-08T15:00:00Z,2034.01,P,416.43,P,UTC
USGS,341601116124801,2022-03-08T19:00:00Z,2034.01,P,416.43,P,UTC
USGS,341601116124801,2022-03-08T23:00:00Z,2034.01,P,416.43,P,UTC
USGS,341601116124801,2022-03-09T03:00:00Z,2034.01,P,416.43,P,UTC
USGS,341601116124801,2022-03-09T07:00:00Z,2034.01,P,416.43,P,UTC
USGS,341601116124801,2022-03-09T11:00:00Z,2034.01,P,416.43,P,UTC
USGS,341601116124801,2022-03-09T15:00:00Z,2034.01,P,416.43,P,UTC
USGS,341601116124801,2022-03-09T19:00:00Z,2034.01,P,416.43,P,UTC
USGS,341601116124801,2022-03-09T23:00:00Z,2034.01,P,416.43,P,UTC
USGS,341601116124801,2022-03-10T03:00:00Z,2034.01,P,416.43,P,UTC
USGS,341601116124801,2022-03-10T07:00:00Z,2034.02,P,416.42,P,UTC
USGS,341601116124801,2022-03-10T11:00:00Z,2034.01,P,416.43,P,UTC
USGS,341601116124801,2022-03-10T15:00:00Z,2034.01,P,416.43,P,UTC
USGS,341601116124801,2022-03-10T19:00:00Z,2034,P,416.44,P,UTC
USGS,341601116124801,2022-03-10T23:00:00Z,2034,P,416.44,P,UTC
USGS,341601116124801,2022-03-11T03:00:00Z,2034,P,416.44,P,UTC
USGS,341601116124801,2022-03-11T07:00:00Z,2034,P,416.44,P,UTC
USGS,341601116124801,2022-03-11T11:00:00Z,2034,P,416.44,P,UTC
USGS,341601116124801,2022-03-11T15:00:00Z,2034,P,416.44,P,UTC
USGS,341601116124801,2022-03-11T19:00:00Z,2034,P,416.44,P,UTC
USGS,341601116124801,2022-03-11T23:00:00Z,2034,P,416.44,P,UTC
USGS,341601116124801,2022-03-12T03:00:00Z,2034,P,416.44,P,UTC
USGS,341601116124801,2022-03-12T07:00:00Z,2034,P,416.44,P,UTC
USGS,341601116124801,2022-03-12T11:00:00Z,2034,P,416.44,P,UTC
USGS,341601116124801,2022-03-12T15:00:00Z,2034,P,416.44,P,UTC
USGS,341601116124801,2022-03-12T19:00:00Z,2034,P,416.44,P,UTC
USGS,341601116124801,2022-03-12T23:00:00Z,2034,P,416.44,P,UTC
USGS,341601116124801,2022-03-13T03:00:00Z,2033.99,P,416.45,P,UTC
USGS,341601116124801,2022-03-13T07:00:00Z,2034,P,416.44,P,UTC
USGS,341601116124801,2022-03-13T11:00:00Z,2034,P,416.44,P,UTC
USGS,341601116124801,2022-03-13T15:00:00Z,2033.99,P,416.45,P,UTC
USGS,341601116124801,2022-03-13T19:00:00Z,2034,P,416.44,P,UTC
USGS,341601116124801,2022-03-13T23:00:00Z,2034,P,416.44,P,UTC
USGS,341601116124801,2022-03-14T03:00:00Z,2034,P,416.44,P,UTC
USGS,341601116124801,2022-03-14T07:00:00Z,2033.99,P,416.45,P,UTC
USGS,341601116124801,2022-03-14T11:00:00Z,2033.99,P,416.45,P,UTC
USGS,341601116124801,2022-03-14T15:00:00Z,2033.98,P,416.46,P,UTC
USGS,341601116124801,2022-03-14T19:00:00Z,2033.99,P,416.45,P,UTC
USGS,341601116124801,2022-03-14T23:00:00Z,2033.98,P,416.46,P,UTC
USGS,341601116124801,2022-03-15T03:00:00Z,2033.99,P,416.45,P,UTC
USGS,341601116124801,2022-03-15T07:00:00Z,2033.98,P,416.46,P,UTC
USGS,341601116124801,2022-03-15T11:00:00Z,2033.98,P,416.46,P,UTC
USGS,341601116124801,2022-03-15T15:00:00Z,2033.98,P,416.46,P,UTC
USGS,341601116124801,2022-03-15T19:00:00Z,2033.98,P,416.46,P,UTC
USGS,341601116124801,2022-03-15T23:00:00Z,2033.99,P,416.45,P,UTC
USGS,341601116124801,2022-03-16T03:00:00Z,2033.98,P,416.46,P,UTC
USGS,341601116124801,2022-03-16T07:00:00Z,2033.99,P,416.45,P,UTC
USGS,341601116124801,2022-03-16T11:00:00Z,2033.99,P,416.45,P,UTC
USGS,341601116124801,2022-03-16T15:00:00Z,2033.99,P,416.45,P,UTC
USGS,341601116124801,2022-03-16T19:00:00Z,2034,P,416.44,P,UTC
USGS,341601116124801,2022-03-16T23:00:00Z,2033.99,P,416.45,P,UTC
USGS,341601116124801,2022-03-17T03:00:00Z,2033.99,P,416.45,P,UTC
USGS,341601116124801,2022-03-17T07:00:00Z,2033.99,P,416.45,P,UTC
USGS,341601116124801,2022-03-17T11:00:00Z,2033.99,P,416.45,P,UTC
USGS,341601116124801,2022-03-17T15:00:00Z,2033.99,P,416.45,P,UTC
USGS,341601116124801,2022-03-17T19:00:00Z,2033.99,P,416.45,P,UTC
USGS,341601116124801,2022-03-17T23:00:00Z,2033.99,P,416.45,P,UTC
USGS,341601116124801,2022-03-18T03:00:00Z,2033.99,P,416.45,P,UTC
USGS,341601116124801,2022-03-18T07:00:00Z,2033.99,P,416.45,P,UTC
USGS,341601116124801,2022-03-18T11:00:00Z,2033.99,P,416.45,P,UTC
USGS,341601116124801,2022-03-18T15:00:00Z,2033.99,P,416.45,P,UTC
USGS,341601116124801,2022-03-18T19:00:00Z,2033.97,P,416.47,P,UTC
USGS,341601116124801,2022-03-18T23:00:00Z,2033.98,P,416.46,P,UTC
USGS,341601116124801,2022-03-19T03:00:00Z,2033.98,P,416.46,P,UTC
USGS,341601116124801,2022-03-19T07:00:00Z,2033.98,P,416.46,P,UTC
USGS,341601116124801,2022-03-19T11:00:00Z,2033.98,P,416.46,P,UTC
USGS,341601116124801,2022-03-19T15:00:00Z,2033.98,P,416.46,P,UTC
USGS,341601116124801,2022-03-19T19:00:00Z,2033.98,P,416.46,P,UTC
USGS,341601116124801,2022-03-19T23:00:00Z,2033.98,P,416.46,P,UTC
USGS,341601116124801,2022-03-20T03:00:00Z,2033.98,P,416.46,P,UTC
USGS,341601116124801,2022-03-20T07:00:00Z,2033.98,P,416.46,P,UTC
USGS,341601116124801,2022-03-20T11:00:00Z,2033.98,P,416.46,P,UTC
USGS,341601116124801,2022-03-20T15:00:00Z,2033.98,P,416.46,P,UTC
USGS,341601116124801,2022-03-20T19:00:00Z,2033.99,P,416.45,P,UTC
USGS,341601116124801,2022-03-20T23:00:00Z,2033.99,P,416.45,P,UTC
USGS,341601116124801,2022-03-21T03:00:00Z,2033.97,P,416.47,P,UTC
USGS,341601116124801,2022-03-21T07:00:00Z,2033.98,P,416.46,P,UTC
USGS,341601116124801,2022-03-21T11:00:00Z,2033.98,P,416.46,P,UTC
USGS,341601116124801,2022-03-21T15:00:00Z,2033.98,P,416.46,P,UTC
USGS,341601116124801,2022-03-21T19:00:00Z,2033.98,P,416.46,P,UTC
USGS,341601116124801,2022-03-21T23:00:00Z,2033.96,P,416.48,P,UTC
USGS,341601116124801,2022-03-22T03:00:00Z,2033.97,P,416.47,P,UTC
USGS,341601116124801,2022-03-22T07:00:00Z,2033.98,P,416.46,P,UTC
USGS,341601116124801,2022-03-22T11:00:00Z,2033.98,P,416.46,P,UTC
USGS,341601116124801,2022-03-22T15:00:00Z,2033.98,P,416.46,P,UTC
USGS,341601116124801,2022-03-22T19:00:00Z,2033.98,P,416.46,P,UTC
USGS,341601116124801,2022-03-22T23:00:00Z,2033.96,P,416.48,P,UTC
USGS,341601116124801,2022-03-23T03:00:00Z,2033.97,P,416.47,P,UTC
USGS,341601116124801,2022-03-23T07:00:00Z,2033.96,P,416.48,P,UTC
USGS,341601116124801,2022-03-23T11:00:00Z,2033.96,P,416.48,P,UTC
USGS,341601116124801,2022-03-23T15:00:00Z,2033.97,P,416.47,P,UTC
USGS,341601116124801,2022-03-23T19:00:00Z,2033.97,P,416.47,P,UTC
USGS,341601116124801,2022-03-23T23:00:00Z,2033.96,P,416.48,P,UTC
USGS,341601116124801,2022-03-24T03:00:00Z,2033.96,P,416.48,P,UTC
USGS,341601116124801,2022-03-24T07:00:00Z,2033.97,P,416.47,P,UTC
USGS,341601116124801,2022-03-24T11:00:00Z,2033.96,P,416.48,P,UTC
USGS,341601116124801,2022-03-24T15:00:00Z,2033.96,P,416.48,P,UTC
USGS,341601116124801,2022-03-24T19:00:00Z,2033.96,P,416.48,P,UTC
USGS,341601116124801,2022-03-24T23:00:00Z,2033.96,P,416.48,P,UTC
USGS,341601116124801,2022-03-25T03:00:00Z,2033.96,P,416.48,P,UTC
USGS,341601116124801,2022-03-25T07:00:00Z,2033.96,P,416.48,P,UTC
USGS,341601116124801,2022-03-25T11:00:00Z,2033.96,P,416.48,P,UTC
USGS,341601116124801,2022-03-25T15:00:00Z,2033.96,P,416.48,P,UTC
USGS,341601116124801,2022-03-25T19:00:00Z,2033.96,P,416.48,P,UTC
USGS,341601116124801,2022-03-25T23:00:00Z,2033.97,P,416.47,P,UTC
USGS,341601116124801,2022-03-26T03:00:00Z,2033.97,P,416.47,P,UTC
USGS,341601116124801,2022-03-26T07:00:00Z,2033.97,P,416.47,P,UTC
USGS,341601116124801,2022-03-26T11:00:00Z,2033.97,P,416.47,P,UTC
USGS,341601116124801,2022-03-26T15:00:00Z,2033.97,P,416.47,P,UTC
USGS,341601116124801,2022-03-26T19:00:00Z,2033.97,P,416.47,P,UTC
USGS,341601116124801,2022-03-26T23:00:00Z,2033.96,P,416.48,P,UTC
USGS,341601116124801,2022-03-27T03:00:00Z,2033.96,P,416.48,P,UTC
USGS,341601116124801,2022-03-27T07:00:00Z,2033.96,P,416.48,P,UTC
USGS,341601116124801,2022-03-27T11:00:00Z,2033.96,P,416.48,P,UTC
USGS,341601116124801,2022-03-27T15:00:00Z,2033.96,P,416.48,P,UTC
USGS,341601116124801,2022-03-27T19:00:00Z,2033.96,P,416.48,P,UTC
USGS,341601116124801,2022-03-27T23:00:00Z,2033.95,P,416.49,P,UTC
USGS,341601116124801,2022-03-28T03:00:00Z,2033.95,P,416.49,P,UTC
USGS,341601116124801,2022-03-28T07:00:00Z,2033.96,P,416.48,P,UTC
USGS,341601116124801,2022-03-28T11:00:00Z,2033.96,P,416.48,P,UTC
USGS,341601116124801,2022-03-28T15:00:00Z,2033.96,P,416.48,P,UTC
USGS,341601116124801,2022-03-28T19:00:00Z,2033.96,P,416.48,P,UTC
USGS,341601116124801,2022-03-28T23:00:00Z,2033.96,P,416.48,P,UTC
USGS,341601116124801,2022-03-29T03:00:00Z,2033.95,P,416.49,P,UTC
USGS,341601116124801,2022-03-29T07:00:00Z,2033.95,P,416.49,P,UTC
USGS,341601116124801,2022-03-29T11:00:00Z,2033.95,P,416.49,P,UTC
USGS,341601116124801,2022-03-29T15:00:00Z,2033.95,P,416.49,P,UTC
USGS,341601116124801,2022-03-29T19:00:00Z,2033.95,P,416.49,P,UTC
USGS,341601116124801,2022-03-29T23:00:00Z,2033.96,P,416.48,P,UTC
USGS,341601116124801,2022-03-30T03:00:00Z,2033.95,P,416.49,P,UTC
USGS,341601116124801,2022-03-30T07:00:00Z,2033.95,P,416.49,P,UTC
USGS,341601116124801,2022-03-30T11:00:00Z,2033.95,P,416.49,P,UTC
USGS,341601116124801,2022-03-30T15:00:00Z,2033.95,P,416.49,P,UTC
USGS,341601116124801,2022-03-30T19:00:00Z,2033.96,P,416.48,P,UTC
USGS,341601116124801,2022-03-30T23:00:00Z,2033.96,P,416.48,P,UTC
USGS,341601116124801,2022-03-31T03:00:00Z,2033.96,P,416.48,P,UTC
USGS,341601116124801,2022-03-31T07:00:00Z,2033.94,P,416.5,P,UTC
USGS,341601116124801,2022-03-31T11:00:00Z,2033.95,P,416.49,P,UTC
USGS,341601116124801,2022-03-31T15:00:00Z,2033.94,P,416.5,P,UTC
USGS,341601116124801,2022-03-31T19:00:00Z,2033.94,P,416.5,P,UTC
USGS,341601116124801,2022-03-31T23:00:00Z,2033.94,P,416.5,P,UTC
USGS,341601116124801,2022-04-01T03:00:00Z,2033.94,P,416.5,P,UTC
USGS,341601116124801,2022-04-01T07:00:00Z,2033.94,P,416.5,P,UTC
USGS,341601116124801,2022-04-01T11:00:00Z,2033.95,P,416.49,P,UTC
USGS,341601116124801,2022-04-01T15:00:00Z,2033.94,P,416.5,P,UTC
USGS,341601116124801,2022-04-01T19:00:00Z,2033.94,P,416.5,P,UTC
USGS,341601116124801,2022-04-01T23:00:00Z,2033.94,P,416.5,P,UTC
USGS,341601116124801,2022-04-02T03:00:00Z,2033.94,P,416.5,P,UTC
USGS,341601116124801,2022-04-02T07:00:00Z,2033.94,P,416.5,P,UTC
USGS,341601116124801,2022-04-02T11:00:00Z,2033.94,P,416.5,P,UTC
USGS,341601116124801,2022-04-02T15:00:00Z,2033.94,P,416.5,P,UTC
USGS,341601116124801,2022-04-02T19:00:00Z,2033.94,P,416.5,P,UTC
USGS,341601116124801,2022-04-02T23:00:00Z,2033.94,P,416.5,P,UTC
USGS,341601116124801,2022-04-03T03:00:00Z,2033.94,P,416.5,P,UTC
USGS,341601116124801,2022-04-03T07:00:00Z,2033.94,P,416.5,P,UTC
USGS,341601116124801,2022-04-03T11:00:00Z,2033.94,P,416.5,P,UTC
USGS,341601116124801,2022-04-03T15:00:00Z,2033.94,P,416.5,P,UTC
USGS,341601116124801,2022-04-03T19:00:00Z,2033.93,P,416.51,P,UTC
USGS,341601116124801,2022-04-03T23:00:00Z,2033.94,P,416.5,P,UTC
USGS,341601116124801,2022-04-04T03:00:00Z,2033.94,P,416.5,P,UTC
USGS,341601116124801,2022-04-04T07:00:00Z,2033.94,P,416.5,P,UTC
USGS,341601116124801,2022-04-04T11:00:00Z,2033.93,P,416.51,P,UTC
USGS,341601116124801,2022-04-04T15:00:00Z,2033.92,P,416.52,P,UTC
USGS,341601116124801,2022-04-04T19:00:00Z,2033.93,P,416.51,P,UTC
USGS,341601116124801,2022-04-04T23:00:00Z,2033.93,P,416.51,P,UTC
USGS,341601116124801,2022-04-05T03:00:00Z,2033.93,P,416.51,P,UTC
USGS,341601116124801,2022-04-05T07:00:00Z,2033.92,P,416.52,P,UTC
USGS,341601116124801,2022-04-05T11:00:00Z,2033.92,P,416.52,P,UTC
USGS,341601116124801,2022-04-05T15:00:00Z,2033.93,P,416.51,P,UTC
USGS,341601116124801,2022-04-05T19:00:00Z,2033.94,P,416.5,P,UTC
USGS,341601116124801,2022-04-05T23:00:00Z,2033.94,P,416.5,P,UTC
USGS,341601116124801,2022-04-06T03:00:00Z,2033.93,P,416.51,P,UTC
USGS,341601116124801,2022-04-06T07:00:00Z,2033.93,P,416.51,P,UTC
USGS,341601116124801,2022-04-06T11:00:00Z,2033.93,P,416.51,P,UTC
USGS,341601116124801,2022-04-06T15:00:00Z,2033.94,P,416.5,P,UTC
USGS,341601116124801,2022-04-06T19:00:00Z,2033.93,P,416.51,P,UTC
USGS,341601116124801,2022-04-06T23:00:00Z,2033.93,P,416.51,P,UTC
USGS,341601116124801,2022-04-07T03:00:00Z,2033.93,P,416.51,P,UTC
USGS,341601116124801,2022-04-07T07:00:00Z,2033.93,P,416.51,P,UTC
USGS,341601116124801,2022-04-07T11:00:00Z,2033.93,P,416.51,P,UTC
USGS,341601116124801,2022-04-07T15:00:00Z,2033.93,P,416.51,P,UTC
USGS,341601116124801,2022-04-07T19:00:00Z,2033.93,P,416.51,P,UTC
USGS,341601116124801,2022-04-07T23:00:00Z,2033.93,P,416.51,P,UTC
USGS,341601116124801,2022-04-08T03:00:00Z,2033.93,P,416.51,P,UTC
USGS,341601116124801,2022-04-08T07:00:00Z,2033.93,P,416.51,P,UTC
USGS,341601116124801,2022-04-08T11:00:00Z,2033.93,P,416.51,P,UTC
USGS,341601116124801,2022-04-08T15:00:00Z,2033.92,P,416.52,P,UTC
USGS,341601116124801,2022-04-08T19:00:00Z,2033.92,P,416.52,P,UTC
USGS,341601116124801,2022-04-08T23:00:00Z,2033.92,P,416.52,P,UTC
USGS,341601116124801,2022-04-09T03:00:00Z,2033.92,P,416.52,P,UTC
USGS,341601116124801,2022-04-09T07:00:00Z,2033.92,P,416.52,P,UTC
USGS,341601116124801,2022-04-09T11:00:00Z,2033.92,P,416.52,P,UTC
USGS,341601116124801,2022-04-09T15:00:00Z,2033.92,P,416.52,P,UTC
USGS,341601116124801,2022-04-09T19:00:00Z,2033.92,P,416.52,P,UTC
USGS,341601116124801,2022-04-09T23:00:00Z,2033.92,P,416.52,P,UTC
USGS,341601116124801,2022-04-10T03:00:00Z,2033.92,P,416.52,P,UTC
USGS,341601116124801,2022-04-10T07:00:00Z,2033.91,P,416.53,P,UTC
USGS,341601116124801,2022-04-10T11:00:00Z,2033.92,P,416.52,P,UTC
USGS,341601116124801,2022-04-10T15:00:00Z,2033.92,P,416.52,P,UTC
USGS,341601116124801,2022-04-10T19:00:00Z,2033.92,P,416.52,P,UTC
USGS,341601116124801,2022-04-10T23:00:00Z,2033.91,P,416.53,P,UTC
USGS,341601116124801,2022-04-11T03:00:00Z,2033.92,P,416.52,P,UTC
USGS,341601116124801,2022-04-11T07:00:00Z,2033.92,P,416.52,P,UTC
USGS,341601116124801,2022-04-11T11:00:00Z,2033.92,P,416.52,P,UTC
USGS,341601116124801,2022-04-11T15:00:00Z,2033.92,P,416.52,P,UTC
USGS,341601116124801,2022-04-11T19:00:00Z,2033.92,P,416.52,P,UTC
USGS,341601116124801,2022-04-11T23:00:00Z,2033.92,P,416.52,P,UTC
USGS,341601116124801,2022-04-12T03:00:00Z,2033.92,P,416.52,P,UTC
USGS,341601116124801,2022-04-12T07:00:00Z,2033.91,P,416.53,P,UTC
USGS,341601116124801,2022-04-12T11:00:00Z,2033.92,P,416.52,P,UTC
USGS,341601116124801,2022-04-12T15:00:00Z,2033.92,P,416.52,P,UTC
USGS,341601116124801,2022-04-12T19:00:00Z,2033.91,P,416.53,P,UTC
USGS,341601116124801,2022-04-12T23:00:00Z,2033.91,P,416.53,P,UTC
USGS,341601116124801,2022-04-13T03:00:00Z,2033.9,P,416.54,P,UTC
USGS,341601116124801,2022-04-13T07:00:00Z,2033.9,P,416.54,P,UTC
USGS,341601116124801,2022-04-13T11:00:00Z,2033.9,P,416.54,P,UTC
USGS,341601116124801,2022-04-13T15:00:00Z,2033.91,P,416.53,P,UTC
USGS,341601116124801,2022-04-13T19:00:00Z,2033.9,P,416.54,P,UTC
USGS,341601116124801,2022-04-13T23:00:00Z,2033.91,P,416.53,P,UTC
USGS,341601116124801,2022-04-14T03:00:00Z,2033.91,P,416.53,P,UTC
USGS,341601116124801,2022-04-14T07:00:00Z,2033.9,P,416.54,P,UTC
USGS,341601116124801,2022-04-14T11:00:00Z,2033.91,P,416.53,P,UTC
USGS,341601116124801,2022-04-14T15:00:00Z,2033.9,P,416.54,P,UTC
USGS,341601116124801,2022-04-14T19:00:00Z,2033.91,P,416.53,P,UTC
USGS,341601116124801,2022-04-14T23:00:00Z,2033.91,P,416.53,P,UTC
USGS,341601116124801,2022-04-15T03:00:00Z,2033.91,P,416.53,P,UTC
USGS,341601116124801,2022-04-15T07:00:00Z,2033.9,P,416.54,P,UTC
USGS,341601116124801,2022-04-15T11:00:00Z,2033.91,P,416.53,P,UTC
USGS,341601116124801,2022-04-15T15:00:00Z,2033.91,P,416.53,P,UTC
USGS,341601116124801,2022-04-15T19:00:00Z,2033.9,P,416.54,P,UTC
USGS,341601116124801,2022-04-15T23:00:00Z,2033.91,P,416.53,P,UTC
USGS,341601116124801,2022-04-16T03:00:00Z,2033.91,P,416.53,P,UTC
USGS,341601116124801,2022-04-16T07:00:00Z,2033.91,P,416.53,P,UTC
USGS,341601116124801,2022-04-16T11:00:00Z,2033.91,P,416.53,P,UTC
USGS,341601116124801,2022-04-16T15:00:00Z,2033.91,P,416.53,P,UTC
USGS,341601116124801,2022-04-16T19:00:00Z,2033.91,P,416.53,P,UTC
USGS,341601116124801,2022-04-16T23:00:00Z,2033.9,P,416.54,P,UTC
USGS,341601116124801,2022-04-17T03:00:00Z,2033.9,P,416.54,P,UTC
USGS,341601116124801,2022-04-17T07:00:00Z,2033.89,P,416.55,P,UTC
USGS,341601116124801,2022-04-17T11:00:00Z,2033.9,P,416.54,P,UTC
USGS,341601116124801,2022-04-17T15:00:00Z,2033.89,P,416.55,P,UTC
USGS,341601116124801,2022-04-17T19:00:00Z,2033.89,P,416.55,P,UTC
USGS,341601116124801,2022-04-17T23:00:00Z,2033.89,P,416.55,P,UTC
USGS,341601116124801,2022-04-18T03:00:00Z,2033.89,P,416.55,P,UTC
USGS,341601116124801,2022-04-18T07:00:00Z,2033.89,P,416.55,P,UTC
USGS,341601116124801,2022-04-18T11:00:00Z,2033.89,P,416.55,P,UTC
USGS,341601116124801,2022-04-18T15:00:00Z,2033.9,P,416.54,P,UTC
USGS,341601116124801,2022-04-18T19:00:00Z,2033.9,P,416.54,P,UTC
USGS,341601116124801,2022-04-18T23:00:00Z,2033.89,P,416.55,P,UTC
USGS,341601116124801,2022-04-19T03:00:00Z,2033.89,P,416.55,P,UTC
USGS,341601116124801,2022-04-19T07:00:00Z,2033.89,P,416.55,P,UTC
USGS,341601116124801,2022-04-19T11:00:00Z,2033.89,P,416.55,P,UTC
USGS,341601116124801,2022-04-19T15:00:00Z,2033.89,P,416.55,P,UTC
USGS,341601116124801,2022-04-19T19:00:00Z,2033.89,P,416.55,P,UTC
USGS,341601116124801,2022-04-19T23:00:00Z,2033.9,P,416.54,P,UTC
USGS,341601116124801,2022-04-20T03:00:00Z,2033.89,P,416.55,P,UTC
USGS,341601116124801,2022-04-20T07:00:00Z,2033.89,P,416.55,P,UTC
USGS,341601116124801,2022-04-20T11:00:00Z,2033.89,P,416.55,P,UTC
USGS,341601116124801,2022-04-20T15:00:00Z,2033.89,P,416.55,P,UTC
USGS,341601116124801,2022-04-20T19:00:00Z,2033.89,P,416.55,P,UTC
USGS,341601116124801,2022-04-20T23:00:00Z,2033.89,P,416.55,P,UTC
USGS,341601116124801,2022-04-21T03:00:00Z,2033.88,P,416.56,P,UTC
USGS,341601116124801,2022-04-21T07:00:00Z,2033.88,P,416.56,P,UTC
USGS,341601116124801,2022-04-21T11:00:00Z,2033.88,P,416.56,P,UTC
USGS,341601116124801,2022-04-21T15:00:00Z,2033.88,P,416.56,P,UTC
USGS,341601116124801,2022-04-21T19:00:00Z,2033.88,P,416.56,P,UTC
USGS,341601116124801,2022-04-21T23:00:00Z,2033.88,P,416.56,P,UTC
USGS,341601116124801,2022-04-22T03:00:00Z,2033.88,P,416.56,P,UTC
USGS,341601116124801,2022-04-22T07:00:00Z,2033.89,P,416.55,P,UTC
USGS,341601116124801,2022-04-22T11:00:00Z,2033.88,P,416.56,P,UTC
USGS,341601116124801,2022-04-22T15:00:00Z,2033.88,P,416.56,P,UTC
USGS,341601116124801,2022-04-22T19:00:00Z,2033.89,P,416.55,P,UTC
USGS,341601116124801,2022-04-22T23:00:00Z,2033.88,P,416.56,P,UTC
USGS,341601116124801,2022-04-23T03:00:00Z,2033.88,P,416.56,P,UTC
USGS,341601116124801,2022-04-23T07:00:00Z,2033.88,P,416.56,P,UTC
USGS,341601116124801,2022-04-23T11:00:00Z,2033.87,P,416.57,P,UTC
USGS,341601116124801,2022-04-23T15:00:00Z,2033.88,P,416.56,P,UTC
USGS,341601116124801,2022-04-23T19:00:00Z,2033.88,P,416.56,P,UTC
USGS,341601116124801,2022-04-23T23:00:00Z,2033.87,P,416.57,P,UTC
USGS,341601116124801,2022-04-24T03:00:00Z,2033.88,P,416.56,P,UTC
USGS,341601116124801,2022-04-24T07:00:00Z,2033.87,P,416.57,P,UTC
USGS,341601116124801,2022-04-24T11:00:00Z,2033.88,P,416.56,P,UTC
USGS,341601116124801,2022-04-24T15:00:00Z,2033.88,P,416.56,P,UTC
USGS,341601116124801,2022-04-24T19:00:00Z,2033.87,P,416.57,P,UTC
USGS,341601116124801,2022-04-24T23:00:00Z,2033.87,P,416.57,P,UTC
USGS,341601116124801,2022-04-25T03:00:00Z,2033.87,P,416.57,P,UTC
USGS,341601116124801,2022-04-25T07:00:00Z,2033.86,P,416.58,P,UTC
USGS,341601116124801,2022-04-25T11:00:00Z,2033.86,P,416.58,P,UTC
USGS,341601116124801,2022-04-25T15:00:00Z,2033.86,P,416.58,P,UTC
USGS,341601116124801,2022-04-25T19:00:00Z,2033.86,P,416.58,P,UTC
USGS,341601116124801,2022-04-25T23:00:00Z,2033.86,P,416.58,P,UTC
USGS,341601116124801,2022-04-26T03:00:00Z,2033.86,P,416.58,P,UTC
USGS,341601116124801,2022-04-26T07:00:00Z,2033.86,P,416.58,P,UTC
USGS,341601116124801,2022-04-26T11:00:00Z,2033.86,P,416.58,P,UTC
USGS,341601116124801,2022-04-26T15:00:00Z,2033.86,P,416.58,P,UTC
USGS,341601116124801,2022-04-26T19:00:00Z,2033.86,P,416.58,P,UTC
USGS,341601116124801,2022-04-26T23:00:00Z,2033.86,P,416.58,P,UTC
USGS,341601116124801,2022-04-27T03:00:00Z,2033.86,P,416.58,P,UTC
USGS,341601116124801,2022-04-27T07:00:00Z,2033.86,P,416.58,P,UTC
USGS,341601116124801,2022-04-27T11:00:00Z,2033.86,P,416.58,P,UTC
USGS,341601116124801,2022-04-27T15:00:00Z,2033.86,P,416.58,P,UTC
USGS,341601116124801,2022-04-27T19:00:00Z,2033.86,P,416.58,P,UTC
USGS,341601116124801,2022-04-27T23:00:00Z,2033.86,P,416.58,P,UTC
USGS,341601116124801,2022-04-28T03:00:00Z,2033.87,P,416.57,P,UTC
USGS,341601116124801,2022-04-28T07:00:00Z,2033.86,P,416.58,P,UTC
USGS,341601116124801,2022-04-28T11:00:00Z,2033.86,P,416.58,P,UTC
USGS,341601116124801,2022-04-28T15:00:00Z,2033.86,P,416.58,P,UTC
USGS,341601116124801,2022-04-28T19:00:00Z,2033.86,P,416.58,P,UTC
USGS,341601116124801,2022-04-28T23:00:00Z,2033.85,P,416.59,P,UTC
USGS,341601116124801,2022-04-29T03:00:00Z,2033.86,P,416.58,P,UTC
USGS,341601116124801,2022-04-29T07:00:00Z,2033.86,P,416.58,P,UTC
USGS,341601116124801,2022-04-29T11:00:00Z,2033.85,P,416.59,P,UTC
USGS,341601116124801,2022-04-29T15:00:00Z,2033.86,P,416.58,P,UTC
USGS,341601116124801,2022-04-29T19:00:00Z,2033.85,P,416.59,P,UTC
USGS,341601116124801,2022-04-29T23:00:00Z,2033.85,P,416.59,P,UTC
USGS,341601116124801,2022-04-30T03:00:00Z,2033.85,P,416.59,P,UTC
USGS,341601116124801,2022-04-30T07:00:00Z,2033.85,P,416.59,P,UTC
USGS,341601116124801,2022-04-30T11:00:00Z,2033.85,P,416.59,P,UTC
USGS,341601116124801,2022-04-30T15:00:00Z,2033.85,P,416.59,P,UTC
USGS,341601116124801,2022-04-30T19:00:00Z,2033.85,P,416.59,P,UTC
USGS,341601116124801,2022-04-30T23:00:00Z,2033.85,P,416.59,P,UTC
USGS,341601116124801,2022-05-01T03:00:00Z,2033.85,P,416.59,P,UTC
USGS,341601116124801,2022-05-01T07:00:00Z,2033.85,P,416.59,P,UTC
USGS,341601116124801,2022-05-01T11:00:00Z,2033.84,P,416.6,P,UTC
USGS,341601116124801,2022-05-01T15:00:00Z,2033.85,P,416.59,P,UTC
USGS,341601116124801,2022-05-01T19:00:00Z,2033.85,P,416.59,P,UTC
USGS,341601116124801,2022-05-01T23:00:00Z,2033.84,P,416.6,P,UTC
USGS,341601116124801,2022-05-02T03:00:00Z,2033.84,P,416.6,P,UTC
USGS,341601116124801,2022-05-02T07:00:00Z,2033.85,P,416.59,P,UTC
USGS,341601116124801,2022-05-02T11:00:00Z,2033.85,P,416.59,P,UTC
USGS,341601116124801,2022-05-02T15:00:00Z,2033.84,P,416.6,P,UTC
USGS,341601116124801,2022-05-02T19:00:00Z,2033.85,P,416.59,P,UTC
USGS,341601116124801,2022-05-02T23:00:00Z,2033.85,P,416.59,P,UTC
USGS,341601116124801,2022-05-03T03:00:00Z,2033.85,P,416.59,P,UTC
USGS,341601116124801,2022-05-03T07:00:00Z,2033.84,P,416.6,P,UTC
USGS,341601116124801,2022-05-03T11:00:00Z,2033.85,P,416.59,P,UTC
USGS,341601116124801,2022-05-03T15:00:00Z,2033.83,P,416.61,P,UTC
USGS,341601116124801,2022-05-03T19:00:00Z,2033.85,P,416.59,P,UTC
USGS,341601116124801,2022-05-03T23:00:00Z,2033.83,P,416.61,P,UTC
USGS,341601116124801,2022-05-04T03:00:00Z,2033.84,P,416.6,P,UTC
USGS,341601116124801,2022-05-04T07:00:00Z,2033.83,P,416.61,P,UTC
USGS,341601116124801,2022-05-04T11:00:00Z,2033.83,P,416.61,P,UTC
USGS,341601116124801,2022-05-04T15:00:00Z,2033.83,P,416.61,P,UTC
USGS,341601116124801,2022-05-04T19:00:00Z,2033.83,P,416.61,P,UTC
USGS,341601116124801,2022-05-04T23:00:00Z,2033.84,P,416.6,P,UTC
USGS,341601116124801,2022-05-05T03:00:00Z,2033.84,P,416.6,P,UTC
USGS,341601116124801,2022-05-05T07:00:00Z,2033.83,P,416.61,P,UTC
USGS,341601116124801,2022-05-05T11:00:00Z,2033.83,P,416.61,P,UTC
USGS,341601116124801,2022-05-05T15:00:00Z,2033.83,P,416.61,P,UTC
USGS,341601116124801,2022-05-05T19:00:00Z,2033.83,P,416.61,P,UTC
USGS,341601116124801,2022-05-05T23:00:00Z,2033.83,P,416.61,P,UTC
USGS,341601116124801,2022-05-06T03:00:00Z,2033.83,P,416.61,P,UTC
USGS,341601116124801,2022-05-06T07:00:00Z,2033.83,P,416.61,P,UTC
USGS,341601116124801,2022-05-06T11:00:00Z,2033.83,P,416.61,P,UTC
USGS,341601116124801,2022-05-06T15:00:00Z,2033.83,P,416.61,P,UTC
USGS,341601116124801,2022-05-06T19:00:00Z,2033.83,P,416.61,P,UTC
USGS,341601116124801,2022-05-06T23:00:00Z,2033.83,P,416.61,P,UTC
USGS,341601116124801,2022-05-07T03:00:00Z,2033.83,P,416.61,P,UTC
USGS,341601116124801,2022-05-07T07:00:00Z,2033.83,P,416.61,P,UTC
USGS,341601116124801,2022-05-07T11:00:00Z,2033.83,P,416.61,P,UTC
USGS,341601116124801,2022-05-07T15:00:00Z,2033.83,P,416.61,P,UTC
USGS,341601116124801,2022-05-07T19:00:00Z,2033.82,P,416.62,P,UTC
USGS,341601116124801,2022-05-07T23:00:00Z,2033.83,P,416.61,P,UTC
USGS,341601116124801,2022-05-08T03:00:00Z,2033.84,P,416.6,P,UTC
USGS,341601116124801,2022-05-08T07:00:00Z,2033.83,P,416.61,P,UTC
USGS,341601116124801,2022-05-08T11:00:00Z,2033.83,P,416.61,P,UTC
USGS,341601116124801,2022-05-08T15:00:00Z,2033.84,P,416.6,P,UTC
USGS,341601116124801,2022-05-08T19:00:00Z,2033.83,P,416.61,P,UTC
USGS,341601116124801,2022-05-08T23:00:00Z,2033.82,P,416.62,P,UTC
USGS,341601116124801,2022-05-09T03:00:00Z,2033.83,P,416.61,P,UTC
USGS,341601116124801,2022-05-09T07:00:00Z,2033.83,P,416.61,P,UTC
USGS,341601116124801,2022-05-09T11:00:00Z,2033.83,P,416.61,P,UTC
USGS,341601116124801,2022-05-09T15:00:00Z,2033.83,P,416.61,P,UTC
USGS,341601116124801,2022-05-09T19:00:00Z,2033.84,P,416.6,P,UTC
USGS,341601116124801,2022-05-09T23:00:00Z,2033.84,P,416.6,P,UTC
USGS,341601116124801,2022-05-10T03:00:00Z,2033.84,P,416.6,P,UTC
USGS,341601116124801,2022-05-10T07:00:00Z,2033.84,P,416.6,P,UTC
USGS,341601116124801,2022-05-10T11:00:00Z,2033.83,P,416.61,P,UTC
USGS,341601116124801,2022-05-10T15:00:00Z,2033.83,P,416.61,P,UTC
USGS,341601116124801,2022-05-10T19:00:00Z,2033.85,P,416.59,P,UTC
USGS,341601116124801,2022-05-10T23:00:00Z,2033.85,P,416.59,P,UTC
USGS,341601116124801,2022-05-11T03:00:00Z,2033.85,P,416.59,P,UTC
USGS,341601116124801,2022-05-11T07:00:00Z,2033.85,P,416.59,P,UTC
USGS,341601116124801,2022-05-11T11:00:00Z,2033.84,P,416.6,P,UTC
USGS,341601116124801,2022-05-11T15:00:00Z,2033.85,P,416.59,P,UTC
USGS,341601116124801,2022-05-11T19:00:00Z,2033.84,P,416.6,P,UTC
USGS,341601116124801,2022-05-11T23:00:00Z,2033.83,P,416.61,P,UTC
USGS,341601116124801,2022-05-12T03:00:00Z,2033.84,P,416.6,P,UTC
USGS,341601116124801,2022-05-12T07:00:00Z,2033.84,P,416.6,P,UTC
USGS,341601116124801,2022-05-12T11:00:00Z,2033.84,P,416.6,P,UTC
USGS,341601116124801,2022-05-12T15:00:00Z,2033.84,P,416.6,P,UTC
USGS,341601116124801,2022-05-12T19:00:00Z,2033.84,P,416.6,P,UTC
USGS,341601116124801,2022-05-12T23:00:00Z,2033.84,P,416.6,P,UTC
USGS,341601116124801,2022-05-13T03:00:00Z,2033.84,P,416.6,P,UTC
USGS,341601116124801,2022-05-13T07:00:00Z,2033.84,P,416.6,P,UTC
USGS,341601116124801,2022-05-13T11:00:00Z,2033.84,P,416.6,P,UTC
USGS,341601116124801,2022-05-13T15:00:00Z,2033.84,P,416.6,P,UTC
USGS,341601116124801,2022-05-13T19:00:00Z,2033.84,P,416.6,P,UTC
USGS,341601116124801,2022-05-13T23:00:00Z,2033.83,P,416.61,P,UTC
USGS,341601116124801,2022-05-14T03:00:00Z,2033.84,P,416.6,P,UTC
USGS,341601116124801,2022-05-14T07:00:00Z,2033.84,P,416.6,P,UTC
USGS,341601116124801,2022-05-14T11:00:00Z,2033.84,P,416.6,P,UTC
USGS,341601116124801,2022-05-14T15:00:00Z,2033.84,P,416.6,P,UTC
USGS,341601116124801,2022-05-14T19:00:00Z,2033.83,P,416.61,P,UTC
USGS,341601116124801,2022-05-14T23:00:00Z,2033.83,P,416.61,P,UTC
USGS,341601116124801,2022-05-15T03:00:00Z,2033.84,P,416.6,P,UTC
USGS,341601116124801,2022-05-15T07:00:00Z,2033.83,P,416.61,P,UTC
USGS,341601116124801,2022-05-15T11:00:00Z,2033.84,P,416.6,P,UTC
USGS,341601116124801,2022-05-15T15:00:00Z,2033.83,P,416.61,P,UTC
USGS,341601116124801,2022-05-15T19:00:00Z,2033.83,P,416.61,P,UTC
USGS,341601116124801,2022-05-15T23:00:00Z,2033.84,P,416.6,P,UTC
USGS,341601116124801,2022-05-16T03:00:00Z,2033.82,P,416.62,P,UTC
USGS,341601116124801,2022-05-16T07:00:00Z,2033.83,P,416.61,P,UTC
USGS,341601116124801,2022-05-16T11:00:00Z,2033.82,P,416.62,P,UTC
USGS,341601116124801,2022-05-16T15:00:00Z,2033.82,P,416.62,P,UTC
USGS,341601116124801,2022-05-16T19:00:00Z,2033.82,P,416.62,P,UTC
USGS,341601116124801,2022-05-16T23:00:00Z,2033.83,P,416.61,P,UTC
USGS,341601116124801,2022-05-17T03:00:00Z,2033.83,P,416.61,P,UTC
USGS,341601116124801,2022-05-17T07:00:00Z,2033.82,P,416.62,P,UTC
USGS,341601116124801,2022-05-17T11:00:00Z,2033.83,P,416.61,P,UTC
USGS,341601116124801,2022-05-17T15:00:00Z,2033.83,P,416.61,P,UTC
USGS,341601116124801,2022-05-17T19:00:00Z,2033.82,P,416.62,P,UTC
USGS,341601116124801,2022-05-17T23:00:00Z,2033.83,P,416.61,P,UTC
